driverId,name,ssn,location,certified,wage-plan
10,Kara Young,296-02-0213,"805 Wood Summit
Bennetttown, ND 39365",N,hours
11,Nicholas Morris,835-19-6571,"423 Brian Manor
East Mary, IA 47502",Y,miles
12,Bradley Smith,087-92-8222,"8901 Stephen Alley
Hollyside, GA 77722",N,hours
13,Diane Brown,296-29-7266,"1402 Mary Wells
New Davidtown, DC 07738",N,hours
14,Kimberly Robbins,233-52-2461,"51851 Williams Spurs Suite 793
Elizabethside, WI 65518",N,miles
15,Suzanne Bennett,678-31-0914,"7408 Rachel Radial
West Jacobberg, IA 54723",N,hours
16,Tammy Romero,338-30-8456,"USNS King
FPO AP 71486",N,miles
17,Sarah Martin,453-35-8979,"PSC 9378, Box 9665
APO AP 61981",Y,hours
18,Brandi Cisneros,052-35-9950,"55824 Carla Burgs Apt. 477
Torresfort, ND 86526",N,miles
19,Eric Manning,485-84-0436,"56395 Stephen Underpass
Williamsmouth, RI 94237",Y,miles
20,Kristina Morgan,500-67-2403,"80246 Harmon Skyway Apt. 215
Lake Angelastad, PA 43977",N,miles
21,James Johnson,367-44-9404,"Unit 6730 Box 2594
DPO AE 25966",Y,miles
22,Debra Austin,406-01-3093,"989 Shaw Forest
North Williamfort, VA 33163",Y,hours
23,Brandon Haas,443-19-0418,"212 Phillips Ports
Allenstad, ME 49382",N,hours
24,Dylan Huang,375-25-9286,"2988 Padilla Locks
North Stephen, MN 30061",Y,miles
25,Cassandra Fuller,503-92-3620,"10966 Koch Shoals Suite 635
Gordonbury, MI 13456",N,hours
26,Susan Lane,577-64-9005,"1600 Mckee Course Apt. 791
Kathleenton, IA 33621",N,miles
27,David Yates,208-95-9113,"0295 Matthew Island Suite 939
Johntown, CT 87238",Y,hours
28,Jonathan Bishop,321-14-0417,"7376 Ramos Mount
Jonesmouth, AZ 59610",N,miles
29,Christopher Rocha,212-66-3034,"350 Alvarado Neck Apt. 257
South Ebonyshire, MS 44724",N,hours
30,Dr. Christopher Wyatt,765-58-6435,"141 Richard Crescent Suite 637
Rodriguezside, MH 42248",N,hours
31,Joshua Robertson,868-67-9730,"44031 Robert Via
East Nicole, LA 65350",Y,hours
32,Christopher Harper,330-14-3130,"92465 George Islands Suite 173
North Brianna, AZ 64132",N,miles
33,Eric Bryant,757-72-8565,"74968 Schwartz Alley Suite 637
Laurafort, NE 79405",N,miles
34,Sarah Carpenter,546-42-9037,"877 Michael Skyway Apt. 608
West Michaelside, FL 16715",Y,miles
35,William Thompson,664-44-1148,"00682 Justin Plain Suite 555
Port Dawn, IL 82676",N,hours
36,Kimberly King,643-07-6211,"66248 Ayala Canyon
New Anthony, AR 47240",Y,hours
37,Stephen Jackson,156-20-8308,"834 Howell Row Apt. 619
South Paul, CO 10624",N,miles
38,Stacy Young,038-49-3881,"USCGC Smith
FPO AP 05035",Y,hours
39,Rachel Anderson,176-29-6957,"15051 Grace Hollow Apt. 479
East Bethtown, KS 09862",N,miles
40,Ana Browning,798-54-8225,"501 Ryan Avenue
Davilatown, AZ 17350",Y,miles
41,Jennifer White,212-41-0821,"25731 Whitehead Ferry Suite 306
New Joel, KY 22535",Y,miles
42,Angela Young,055-99-5715,"620 Ricardo Fall Apt. 833
Elizabethland, IN 66650",N,hours
43,Ricky Cain,261-53-5420,"7304 Adam Track
Serranoborough, MD 60936",Y,miles
44,Samantha Williams,740-28-3942,"4204 Salas Turnpike Apt. 095
Martinezburgh, MN 37720",N,miles
45,Tina Werner,661-21-0123,"950 Barrett Locks Apt. 244
Patelville, VI 53318",N,hours
46,Erin Greene,644-21-4728,"2943 Paul Oval
Louisland, MI 48301",N,hours
47,Andrea Duncan,845-48-1231,"14511 Rice Alley
Lawsonburgh, KY 35579",Y,hours
48,Larry Leon,427-99-5142,"175 Sanders Creek
Lake David, WY 84952",Y,hours
49,Brandon Daniels,556-96-0596,"2994 Zachary Spurs
West Amandaport, HI 44906",Y,miles
50,Christopher Webb,232-83-8951,"3785 Christopher Divide Apt. 227
South Tanyaberg, WI 57011",N,hours
51,Christopher Peck,140-83-2258,"11147 Alejandro Burg
South Frank, AS 82089",N,miles
52,Tiffany Hernandez,719-70-0875,"268 Daniel Forges Suite 726
West Phillipstad, ID 00594",N,hours
53,Raymond Savage,221-02-3974,"2138 Foster Mountains Suite 509
Carolinefort, MP 82577",N,hours
54,Kevin Smith,253-54-6443,"2067 Angelica Port
Millsberg, OH 32126",Y,miles
55,Elizabeth Goodman,317-41-3093,"5888 Watson Plaza
Lake Karen, AZ 76974",N,miles
56,Teresa Jacobson,185-87-4965,"3074 Dominguez Gateway
Richardsfort, KS 48033",N,miles
57,Marcus Henson,794-50-0894,"PSC 0379, Box 1087
APO AA 47534",Y,hours
58,Crystal Rogers,617-55-3767,"4985 Melissa Burgs Apt. 686
East Cynthia, SD 47684",Y,miles
59,Timothy Miller,594-11-1785,"89700 Wiggins Shoals Suite 746
East Deniseborough, MA 60627",N,miles
60,David Kim,515-44-4859,"4336 Kimberly Forks Suite 294
Craigview, KY 56303",N,miles
61,Vanessa Cameron,396-01-3795,"057 May Canyon Suite 449
West Joseph, AS 42096",Y,hours
62,Donald Valenzuela,635-41-2809,"38046 Bethany Islands
Lake Kennethton, WY 29835",N,hours
63,Steven Mccarty,818-11-3389,"7878 Eric Row
North Shawn, CT 13371",N,hours
64,Nicole Taylor,541-23-9526,"0511 Jackson Street
East Sharon, NJ 63115",Y,miles
65,Melissa Cardenas,528-74-3884,"PSC 1616, Box 3334
APO AA 38684",N,miles
66,Charles Cox,661-13-7271,"55361 Mary Curve
Brockborough, CA 86671",Y,miles
67,George Smith,818-88-8541,"136 Mitchell Loop Suite 037
New Jamesmouth, NH 80281",Y,hours
68,Jacob Pierce,285-15-0954,"PSC 5742, Box 9563
APO AE 94973",Y,miles
69,Ryan Wiley,599-93-0071,"342 Stephanie Circles
New Kimberlymouth, NH 44989",Y,hours
70,Ashley Miller DVM,285-80-9028,"46824 Daniel Shoal
West Jeremy, NM 57914",N,miles
71,Brittany Alvarez,122-60-6856,"944 Katherine Curve Suite 703
Bartonton, UT 75060",N,hours
72,Charles Hill,509-58-6592,"869 Richard Mountain
Port Marthaport, SC 40055",Y,miles
73,Cheryl Olson,378-40-7200,"73289 Thomas Falls
Lake Christopherstad, VI 53853",Y,hours
74,Kristen Perry,869-30-6010,"1020 Scott Ranch Apt. 782
South Johnview, PA 77575",Y,hours
75,Matthew Hamilton,051-60-0921,"50231 Williams Streets Apt. 139
South Johnburgh, RI 50231",N,hours
76,Cheryl Anderson,450-44-0816,"2739 Eric Ramp Apt. 753
West Ericshire, TX 28608",Y,miles
77,Julie Torres,818-75-3473,"459 Gabriel Wall
Johnnymouth, PW 54480",N,hours
78,Jessica Williams,707-63-4584,"840 Carpenter Summit
Lake Hayden, PR 42031",Y,hours
79,Eric Walker,419-71-8243,"26696 Carlson Vista Apt. 645
North Benjaminshire, OK 91113",Y,miles
80,Christopher Cain,518-74-0672,"4111 Lowe Route
Gibsonhaven, SC 24057",Y,hours
81,Terrence Perry,431-99-5089,"PSC 8967, Box 5416
APO AP 13280",N,miles
82,Stacy Bryant,860-89-9822,"880 Tran Court
Jordanburgh, DE 46143",Y,miles
83,Peter Howe,356-84-8932,"868 Maria Mall Apt. 713
Bennettburgh, WY 18487",N,hours
84,Alexander Macdonald,342-69-4229,"8231 Navarro Center
East Benjamin, CT 75640",N,hours
85,Angela Monroe,541-87-1190,"Unit 9699 Box 5677
DPO AE 48308",N,hours
86,Mary Taylor,484-16-3068,"50418 Eric Crescent Suite 286
Barbermouth, KY 90218",N,hours
87,Joseph Welch,857-87-6076,"466 Fisher Fords Suite 353
Richardsonborough, MO 91383",Y,hours
88,April Cunningham,850-02-6476,"USNS Hill
FPO AE 33088",Y,hours
89,Joshua Gonzalez,691-74-2099,"92257 Gonzalez Park
Kleinshire, NM 02954",Y,miles
90,Melissa Gonzalez,139-81-9448,"54002 Rebecca Mill
Port John, NY 77176",N,miles
91,Ryan Ryan,750-02-7050,"7628 David Trail
West Michaelburgh, AZ 30605",Y,hours
92,Gregory Tyler,086-83-0396,"USCGC Rush
FPO AE 41407",N,miles
93,Duane Jones,714-41-1265,"26389 Jennings Cliff Suite 714
East Markview, IN 70232",N,miles
94,Andre Williams,806-83-9388,"82071 Tony Vista Apt. 027
Jonesport, MD 06514",N,hours
95,Alan Holland,150-77-9728,"360 Levy Stream
Kathytown, NE 33355",N,hours
96,Carolyn Short,022-14-1732,"888 Green Crossroad
Elizabethborough, ND 33252",N,miles
97,Stephanie Dixon,869-19-1408,"93124 Paige Center Suite 762
South Garytown, WV 12360",Y,miles
98,David Young,566-12-1754,"79019 Timothy Fords
Lake Karen, DC 08712",Y,hours
99,Louis Ruiz,591-04-5286,"919 Gina Crescent Suite 744
East Kylestad, DC 47184",Y,hours
100,Miguel Campbell,019-76-8297,"PSC 2593, Box 3993
APO AE 85730",Y,hours
101,Troy Powell,448-68-3995,"6805 Shane Loaf
Reedhaven, AR 43092",Y,hours
102,Caleb Richardson,156-59-9618,"01469 Young Lights Apt. 902
Port Melissaberg, CO 47750",N,hours
103,Kenneth Galvan,110-79-4198,"655 Brenda Pine
Raymondstad, NJ 20841",Y,hours
104,Adam Benjamin,213-69-1112,"2701 Jackson Crossing
Maldonadostad, PR 33071",N,miles
105,Nicholas Phillips,189-79-4619,"628 Flores Gardens
Lowerystad, FL 40721",N,miles
106,Alex Mckenzie,551-80-9628,"616 Thompson Cove
Johnsonborough, ME 98632",Y,miles
107,Matthew Wong,885-57-2246,"880 Carson Crossing
Charlesberg, WV 45261",N,miles
108,Shelly Hernandez,827-92-0633,"716 Lauren Isle Apt. 599
New Scott, RI 57034",Y,hours
109,Charles Keller,429-07-8645,"89681 Nelson Spurs Apt. 592
Gonzalezborough, CT 91629",Y,hours
110,Jack Watkins,016-04-6048,"4580 Robert Freeway Apt. 699
Montgomeryburgh, AK 23197",N,miles
111,Karen Bailey,431-52-9543,"209 Carrie Club Apt. 175
Gregoryton, AZ 67321",Y,miles
112,Kelly Thomas,787-40-0761,"0684 Nathaniel Hill
Robertatown, MI 38595",Y,miles
113,Shane West,464-19-3899,"593 Solis Turnpike
Moralesmouth, MI 33917",Y,miles
114,Eric Martinez,216-06-4801,"811 Robert Run Suite 722
Lake Sergiofort, NY 48665",N,miles
115,Manuel Macias,470-70-3456,"6091 Walters Centers
South Brian, MO 51360",N,hours
116,Kristina Gibbs,243-12-8582,"95331 Melissa Port
Port William, NH 74763",N,miles
117,Sara Chambers,513-34-4534,"838 Jacob Lodge
Donaldside, NJ 48521",N,hours
118,Joseph Garrett DDS,321-54-4167,"906 Zachary Manor
Lake Danieltown, WV 91865",Y,miles
119,Kathleen Hunt,770-94-7179,"8633 Brad Drive Suite 749
Sharonport, CO 44704",N,hours
120,Kelly Turner,634-04-5771,"60031 David Ramp
South Laurenstad, ME 27097",N,hours
121,Kimberly Hardin,104-70-7116,"5219 Carter Squares
Martinchester, ME 92639",Y,hours
122,Janice Barrera,140-99-4912,"649 Shelby Common Suite 597
Timothyville, PR 76994",N,miles
123,Bridget Nelson,407-37-3335,"55444 Johnson Field Apt. 489
West Nicole, MS 94608",Y,hours
124,Alyssa Garcia,601-77-8183,"3719 Francis Trafficway Suite 890
New Joshua, HI 87041",N,hours
125,Chad Graham,121-85-4825,"36141 Melissa Causeway Apt. 742
South Robert, NV 84461",N,hours
126,Erica Bishop,600-32-6016,"262 Brandon Ridge
Powellshire, SC 41885",N,hours
127,Gregg Rowland,097-50-7356,"13047 Jeffrey Crossroad Suite 176
Davidbury, WY 78747",Y,miles
128,Brandon Martinez,523-09-7926,"6750 Johnson Squares
Patrickhaven, NV 37884",N,miles
129,Brittany Bates,436-06-9777,"6230 Hayden Oval
South Tinahaven, WI 11121",N,hours
130,Erika Burke,604-21-3529,"559 Anne Manor
East James, NM 75219",Y,miles
131,Albert Brown,551-16-0106,"47954 Wright Expressway
Matthewside, NJ 59928",N,hours
132,Gwendolyn French,761-72-7105,"982 Mills Ferry
Williammouth, NJ 91312",Y,miles
133,Ian Miles,797-77-1164,"4701 Lopez Via Apt. 414
Hatfieldborough, HI 32262",N,hours
134,Jeffrey Powell,555-65-9924,"59537 Matthew Terrace
Youngbury, VI 46387",Y,hours
135,Courtney Harris,262-32-4092,"78242 Blair Locks Apt. 878
New Garyton, GA 94486",N,hours
136,Katherine Burgess,266-18-9201,"775 Jeffrey Summit
New Colin, MP 25954",N,miles
137,Daniel Bowman,025-57-3466,"88783 Carlson Well
Karenshire, AS 30431",Y,hours
138,Sheri Robertson,084-54-5143,"Unit 7129 Box 8920
DPO AE 67990",Y,hours
139,Brian Bowers,884-95-6277,"56242 Padilla Station
East Lucas, NM 32652",Y,hours
140,Brandon Ward,898-25-3050,"7793 Jennifer Crossing Apt. 041
Angelafort, WV 24801",N,hours
141,Danny Watson,003-40-0209,"782 Stephen Summit Apt. 437
Barbaraberg, ID 17265",N,miles
142,Lauren Ford,221-72-6587,"45036 David Forks Suite 574
South Leslieland, VA 61861",Y,hours
143,Jacqueline Diaz,522-94-0144,"3944 Smith Ways Apt. 181
Amberland, GA 09179",Y,miles
144,Wendy Doyle,633-08-3624,"33287 Wright Orchard
North Matthewshire, AK 45226",Y,miles
145,Cynthia Jones,124-43-4005,"75411 Shannon Walk
South Rhonda, CA 39598",N,miles
146,Judith Houston,140-20-3911,"402 Cox Overpass
Mathewschester, SD 86617",Y,miles
147,Jill Davis,472-56-4330,"02587 Carly Unions Suite 068
Deborahberg, SD 90727",N,hours
148,Omar Watson,872-76-8946,"06005 Aaron Estates
East Tracy, VT 71528",N,hours
149,Kelsey Howard,546-24-5050,"37169 Anderson Parkways Suite 755
Port Kimberlychester, VT 11518",N,miles
150,Tyler Stanley,183-75-4099,"USNV Bean
FPO AE 40818",N,miles
151,Scott Barker,832-07-9197,"612 Shepard Shoals Apt. 314
Powellland, SC 91839",Y,hours
152,Benjamin Francis,575-79-9953,"7817 Jacqueline Turnpike Apt. 605
New Michael, NC 52401",N,miles
153,Jordan Adams,389-23-7421,"USNS Bowen
FPO AA 40396",N,hours
154,Fernando Reeves,706-70-6250,"260 Anderson Terrace Apt. 665
Richardsonhaven, WI 74119",Y,hours
155,Thomas Mueller,507-32-6490,"7158 Kathy Stravenue
Port John, OR 66062",N,hours
156,Felicia Rodriguez,844-90-7801,"00339 Jeffery Brook
West Jameschester, AK 11404",Y,hours
157,Michael Ray,164-23-5712,"870 Torres Fall Suite 597
Michelefurt, VA 71583",Y,hours
158,Jerry Lawrence,290-51-9634,"0499 Jackson Fields Apt. 570
Port Pamelaton, SD 59330",Y,hours
159,Dr. Michael Johnston,841-24-7670,"07174 Michelle Fords
Robertchester, OR 52605",N,miles
160,Amber Taylor,471-01-0840,"25964 Jacob Park Apt. 780
Littleberg, UT 50513",Y,miles
161,Daniel Chapman,061-31-1960,"01115 Lisa Fort
Vasquezfurt, OH 59327",N,hours
162,Stacy Moore,178-73-2168,"365 Collins Motorway
Chapmanburgh, CT 03899",N,hours
163,Mitchell Stewart,033-74-4568,"0551 Sweeney Stravenue
Willisville, GA 51399",N,hours
164,Anna Henry,720-86-5274,"411 Tara Skyway Apt. 722
East Heather, CO 42936",Y,miles
165,Raymond Rodriguez,882-11-8940,"695 Carolyn Road
South Meganmouth, WY 65650",N,miles
166,Corey Watkins,255-93-6049,"720 Williams Union Apt. 931
Johnshire, MA 52505",N,miles
167,Joshua Martin,218-14-9649,"36889 Tracy Turnpike
Alexport, MP 09864",Y,hours
168,James Ellis,437-19-2859,"09176 Ashley Parkway Suite 061
Lake Marybury, IL 95601",Y,miles
169,Darrell Valdez,877-49-9256,"324 Howard Roads
Bryantport, OK 24206",N,hours
170,Omar Olson,030-29-6019,"7758 Martinez Island
North James, FL 25302",N,hours
171,Dale Scott,782-99-1103,"159 John Alley Suite 167
Mauriceberg, HI 54849",Y,miles
172,Brandy Baker,020-13-2715,"607 Leah Ramp Suite 771
North Richard, NH 04402",Y,miles
173,Christopher Holloway,841-72-5213,"88260 David Trace Suite 733
Tyronestad, MO 63264",Y,miles
174,Kevin Ferguson,722-63-1575,"427 Harrington Isle
Johnton, NV 45482",Y,miles
175,Alan Baker,852-86-3829,"0189 Jackson Course
Jensenport, NE 25395",N,miles
176,Diana Bush,342-19-4094,"855 Sarah Hollow Suite 236
Michaelside, IA 63674",N,hours
177,Jennifer Combs,234-25-6815,"46624 Daniel Neck
South Lori, RI 25984",Y,hours
178,Kimberly Wright,201-13-5409,"52687 Johnson Burg Apt. 510
South Hollyton, FM 98045",Y,hours
179,Morgan Johnson,591-07-2774,"629 Alvarez Locks Suite 636
Cooperstad, VT 59140",Y,miles
180,Jason Coleman,734-78-1982,"30369 Alexis Lane
East Latoyahaven, NC 59173",N,hours
181,Samuel Saunders,867-26-9752,"39823 Marilyn Village Apt. 800
Hollowayland, ND 77025",Y,hours
182,Steve Lloyd,169-74-5760,"7723 Orozco Place Apt. 418
Port Sergio, OR 34887",Y,miles
183,Anthony Perry,887-47-7975,"5210 Jonathan Drive Suite 643
South Catherinemouth, AK 26558",N,hours
184,David Jenkins,362-35-3561,"USNS Underwood
FPO AP 04302",N,hours
185,Andrew Gonzalez,856-98-8691,"2540 Christina Estates
Lake Nicholasfort, LA 64747",N,miles
186,Christopher Schultz,535-75-6985,"803 Robert Skyway Suite 829
Dominiqueshire, DC 58975",N,miles
187,Sheena Gardner,289-31-7474,"36165 Joshua Spurs
New Williambury, KY 57932",N,hours
188,Kevin Wilson,848-87-8249,"735 Daniel Square
Lake Michelefort, IN 41427",N,hours
189,Amber Allen,605-01-8777,"144 Heather Stravenue
Corytown, HI 10998",Y,miles
190,Connor Harrison,304-58-0325,"92139 Madison Forges Suite 287
Odonnellfurt, IA 15443",N,miles
191,Sandra Patton,004-84-1435,"0638 Judy Prairie
Williamsberg, SD 41683",Y,hours
192,Christopher Hanson,617-55-5617,"74411 Alex Cove
East Kristin, FL 16913",N,miles
193,Ebony Thomas,201-90-5986,"6846 Christopher Throughway
Elijahland, VT 76073",N,hours
194,Anthony Ellis,882-92-3624,"061 Smith Roads Suite 213
New Ryanshire, AL 56058",Y,hours
195,Aaron Luna,099-98-5537,"852 Thomas Mall
East Chelsea, VA 27456",N,miles
196,Paula Tanner,858-79-6938,"250 Brian Avenue Apt. 714
West Michael, ND 43294",Y,hours
197,Emily Arias,225-55-6037,"6643 Jennifer Shoal Apt. 863
Nicoleborough, WI 59658",Y,miles
198,Kaylee White,609-41-1986,"234 Fuentes Circles
East Brian, IA 07888",N,hours
199,Tracy Shepherd,543-44-6754,"110 Patel Cape Suite 944
South Victoria, FL 51026",N,miles
200,Donna Wilson,725-44-0969,"8152 Jeffrey Cove
South Patricia, CA 87831",N,miles
201,Theresa Johnson,593-63-4523,"Unit 2677 Box 6871
DPO AE 34379",N,miles
202,Brandy Glass,259-03-0415,"PSC 8090, Box 2408
APO AA 46353",N,hours
203,Cynthia Long,305-29-4569,"6785 Hutchinson Lake
Jessicaside, GU 23191",N,hours
204,Michelle Perez,377-16-8509,"85638 Amy Station Suite 098
West Bryanfurt, AS 44854",Y,hours
205,David Sanchez,339-70-7138,"3767 Shelley Falls Apt. 782
Carlosbury, MS 02506",N,miles
206,Eric Ramirez,088-53-3671,"11312 Timothy Radial Apt. 553
North Amy, AK 99590",Y,hours
207,Nancy Gibson,400-97-8230,"277 Butler Expressway Suite 506
Leeborough, HI 76127",Y,miles
208,Theodore Gilbert,683-50-9904,"4552 Gonzalez Drive Suite 979
West Jill, MT 79820",N,miles
209,David Morse,028-35-1132,"278 Case Expressway Suite 966
West Tracyborough, MA 38216",N,hours
210,Karina Vega,591-12-2332,"3107 Matthew Parkways Apt. 888
South Michelle, OH 77984",N,hours
211,Thomas Gaines,459-33-8646,"40585 Jenny Path
Stephanieberg, MD 75226",N,hours
212,Daniel Brown,753-22-9770,"30363 Courtney Union
New Veronica, SC 24641",N,miles
213,David Morrison,209-05-9946,"72443 Ryan Ports
Pottsshire, AL 94034",Y,miles
214,Tiffany Simpson,126-94-7908,"767 Rodriguez Key Suite 294
West Matthew, MA 37923",Y,miles
215,Pamela Holland,056-45-4114,"Unit 1272 Box 5415
DPO AA 77299",Y,hours
216,Johnny Dillon,844-89-8427,"88446 Kellie Plains
Kimfurt, PR 69262",N,hours
217,Brandon Spence,596-70-0661,"51698 Baker Harbors
Newmanbury, NE 51606",N,hours
218,Lonnie Bell,156-46-6973,"190 Judith Overpass
North Emilystad, ND 48762",Y,hours
219,Timothy Young,403-12-9571,"212 Larsen Mills Suite 577
Danielborough, NV 98819",N,miles
220,Brandi Watts,892-20-7246,"55249 Charles Fields
Roseland, ND 39962",N,hours
221,Melinda Johnson,358-13-3182,"USNS Banks
FPO AE 11275",N,hours
222,Karen Nichols,569-77-4341,"048 Murphy Trafficway Apt. 865
Port Sarah, ID 68910",Y,hours
223,Krista Harris,504-79-7791,"Unit 6138 Box 9206
DPO AE 39969",Y,miles
224,Kim Jackson,224-08-8180,"706 Rivera Spur Apt. 286
Wallshire, NH 92233",N,miles
225,William Davis,018-68-9356,"340 Martin Drive
New Moniqueberg, MT 11433",Y,hours
226,Juan Alvarez,554-06-3064,"679 Samuel Shores
Lake Larry, OH 90748",Y,hours
227,Matthew Contreras,327-85-0907,"79015 Jackson Crescent Apt. 245
Deborahburgh, GU 20589",Y,hours
228,Brian Turner,531-33-0545,"549 Marissa Burgs
Lake Karen, AK 21884",Y,hours
229,Kirk Guzman,061-34-8455,"78482 Elizabeth Estates Apt. 591
Amandaland, AR 13447",N,hours
230,Marissa Moore,268-93-3190,"6907 Kelly Manor Suite 519
Samanthafort, NV 61384",Y,miles
231,Andrea Duncan,443-55-1364,"06036 Webb Prairie Apt. 240
West Robert, PA 97914",N,hours
232,Shawn Williams,225-90-7134,"43345 Micheal Burg Apt. 537
Port Cody, UT 34278",N,miles
233,Matthew Moyer,689-25-5511,"86924 Coffey Alley Apt. 279
Sotofort, NV 15274",N,miles
234,Eric Reese,350-64-6250,"413 Rogers Ways Suite 247
Hollandstad, MN 98683",Y,hours
235,Stephen Howard,063-52-4571,"PSC 6037, Box 3930
APO AA 81111",N,hours
236,Catherine Rivera,625-66-9663,"987 Jodi Hill
New Jenniferhaven, CT 37779",Y,miles
237,Christopher Tran,550-07-9682,"0366 Vasquez Vista Suite 453
Port Terryburgh, MN 12874",N,miles
238,Joshua Duncan,829-47-6292,"5164 Jeffrey Canyon Suite 149
Barnesview, AR 70121",N,miles
239,Howard Mcdonald,247-77-7870,"468 Emma Ways Apt. 733
West Sylvia, TX 83912",Y,miles
240,Melissa Brock,567-26-4453,"PSC 6076, Box 1082
APO AE 24954",N,hours
241,Ernest Finley,535-12-4601,"0623 Eric Harbors
Guerrerofurt, TX 82121",N,hours
242,Timothy Mitchell,018-42-2330,"516 Hunter Knoll
Andrewsland, MO 96481",N,miles
243,Gwendolyn Mullins,212-40-6678,"925 Banks Shores
Wrightburgh, NC 96214",Y,hours
244,Lisa Walker,471-15-7903,"999 Russell Ports
Timothyside, TN 81579",Y,miles
245,John English,717-11-4252,"4721 Corey Shoal Apt. 321
New Susan, SC 71225",N,hours
246,Michael Parrish,254-31-5469,"PSC 4361, Box 7610
APO AP 47840",N,miles
247,Mark Perry,146-48-4805,"76724 Fowler Stravenue
Lake John, NC 83684",N,miles
248,Stacy White,459-40-2154,"943 Martin Parks
Mclaughlinmouth, NH 26800",N,miles
249,Tina Hernandez,489-02-6416,"771 Joseph Burg
Fordview, NE 64823",Y,hours
250,Patricia Dunn,614-79-1450,"6008 Farley Mountains Suite 990
Michaelchester, FL 14090",N,hours
251,Scott Prince,527-49-2779,"9925 Corey Villages
East Alyssahaven, AL 90798",Y,miles
252,Bridget Khan,174-48-4616,"USNV Taylor
FPO AE 10742",Y,miles
253,Edward Watkins,096-74-9183,"1318 Jones Keys
Port Adrienne, OK 08210",Y,hours
254,Cynthia Rice,156-71-8529,"4757 Smith Haven Suite 275
South Laurahaven, CA 54358",N,hours
255,Laura Kirk,087-90-4288,"138 Watson Spurs
Rochatown, WV 51784",Y,hours
256,Curtis Gilmore,077-02-8270,"46174 Sanders Tunnel
Matthewbury, SC 38432",N,miles
257,Carrie Brown,395-60-4486,"Unit 6367 Box 8426
DPO AA 83052",Y,miles
258,Karen Knight,897-51-9807,"31064 Bryan Park Suite 740
Deborahville, HI 98970",Y,hours
259,Jason Robinson,612-56-1916,"78279 Young Route
East Brittany, OR 62356",N,hours
260,Molly Thomas,276-45-0463,"2696 Diana Spring
Torresborough, OK 14767",Y,miles
261,David Brown,348-75-9925,"5440 Nicole Union Suite 187
Danielshaven, TX 60839",Y,hours
262,Matthew Fields,646-81-5510,"029 Leonard Pike Apt. 974
East Crystal, OK 92968",N,miles
263,Robert Williams,146-74-2207,"7482 Zachary Spur Suite 253
Martinezshire, NY 52905",N,miles
264,Janice Church,849-10-6251,"7595 Charles Manor
Rhondaport, KY 68122",N,miles
265,Nicole Norton,884-11-2436,"1090 Angela Branch
South Allison, AK 28966",N,miles
266,Cassandra Foster MD,329-84-5557,"0981 Sanchez Heights
Solisport, NV 15743",N,hours
267,Mark Robinson,244-45-3241,"697 Edwards Gardens
Katherineport, ME 62339",N,hours
268,Terrence Wong,351-72-1642,"0491 Davis Common
Rogersberg, FL 33353",Y,miles
269,James Carlson,719-49-7368,"47526 Elizabeth Run Apt. 463
East Suzanne, VI 25116",N,hours
270,Dawn Estrada,135-39-0640,"6191 Carter Burg
Christopherbury, AK 02418",N,hours
271,Nicole Chavez,251-75-1527,"431 Mark Junction Suite 906
West Laura, LA 60431",N,hours
272,Keith Hurst,696-93-6990,"8085 Carrie River Apt. 718
Stevensland, SD 07673",N,hours
273,Daniel Joseph,621-12-1713,"40988 Larry Glen Apt. 949
Dorseyfort, MS 73443",N,hours
274,Julie Williams,820-95-5622,"PSC 1058, Box 9522
APO AP 60252",N,miles
275,Emily Smith,426-26-2019,"8832 Jose Hollow
Owenfort, IL 32429",Y,hours
276,Sara Wallace,077-22-2109,"828 Brittany Parks Apt. 989
Myersfort, AZ 69024",N,miles
277,Kenneth Orr,737-27-8838,"8250 David Lodge Apt. 181
South Kimberly, OH 52774",N,miles
278,Dr. Renee Berg MD,071-85-8152,"4194 Anderson Estates
Carolville, IA 90393",Y,miles
279,Timothy Gay,174-81-5929,"859 Lisa Mountains
North Erik, LA 96851",N,hours
280,Matthew Winters,712-39-7365,"6056 Solomon Passage
Port Thomaschester, WY 08596",Y,miles
281,Debra Jacobs,379-95-4871,"217 Nichols Road Apt. 869
Walshburgh, SC 30401",N,miles
282,Jordan King,280-81-0853,"29743 Trujillo Ridge
Reynoldsfort, OH 90602",N,hours
283,Michael Silva MD,503-88-1262,"Unit 6313 Box 6123
DPO AP 31479",Y,miles
284,James Best,196-67-5395,"7582 Bradley Run
New Ellenchester, LA 77792",N,miles
285,Brian Johnson,209-80-6908,"3296 Chavez Isle Suite 859
Gregoryport, IA 42182",N,miles
286,Amy Mcdonald,640-75-0077,"34464 Garza Plains
Wisefurt, DE 98493",N,hours
287,John Ray,109-41-5392,"658 Gonzalez Crossing Suite 696
Port Vickie, FL 12613",Y,hours
288,Erik Luna,132-39-6151,"4794 Chavez Plaza Apt. 282
Catherinestad, VI 94783",N,hours
289,Steven Gray,270-08-0404,"40090 Rivera Pines Suite 330
Port Sabrina, PW 23545",Y,hours
290,Kevin Beck,067-37-8092,"PSC 3697, Box 8320
APO AE 18681",N,hours
291,Anthony Burton,739-59-1312,"652 Kelly Lakes Suite 100
Denisebury, PR 34789",Y,miles
292,Carrie Lucas,844-72-8641,"18182 Hill Alley Apt. 820
New Dylanshire, NM 70713",Y,miles
293,Patricia Wilson,623-90-7572,"7283 Myers Summit Apt. 252
Lindashire, MT 46395",N,hours
294,Theresa Riddle,874-51-1201,"00130 George Vista Apt. 978
New Vickiehaven, GU 79378",Y,miles
295,Lawrence Murphy,800-37-2787,"729 Kathryn Mountains Apt. 012
North Jacquelinehaven, AR 28270",N,hours
296,Garrett Davis,602-94-5254,"71253 Moore Radial Suite 197
West Toddport, AS 86390",Y,miles
297,Dr. Jacob Smith,510-68-0857,"61870 Carolyn Junctions
Lake Jaime, AR 67675",Y,hours
298,Edward Dennis,564-11-4121,"47234 Donovan Port Apt. 665
North Pamela, MN 35377",N,miles
299,Michael Castillo,071-26-4955,"211 Woods Light Suite 545
Port Brandonview, MA 30866",N,miles
300,Donna Sharp,811-42-6524,"858 Jeffrey Orchard
North Jessica, SD 23452",N,miles
301,Steven Smith,782-50-0773,"2950 Morris Locks Apt. 646
West Jenniferhaven, RI 95842",N,miles
302,Christine Phillips,623-46-3788,"44977 Franklin Springs Apt. 962
Shirleybury, ID 83855",N,hours
303,Jonathan Howard,386-87-5518,"4074 James Isle
East Brandon, IL 10782",N,miles
304,Michael Miller,613-01-4430,"2449 Carl Mills Suite 496
Brownport, NC 50032",Y,hours
305,Scott Rogers,215-77-7970,"7322 Lori Avenue Apt. 781
Wilsonside, VI 48106",Y,miles
306,Tyler Boyd,197-02-6825,"7249 Tapia Highway Apt. 671
Hortonview, MD 67629",Y,hours
307,Adam Johnson,313-13-8966,"016 Shaun Garden
Joshuaside, MI 85410",N,hours
308,Timothy Thomas,505-47-7392,"58878 Morales Turnpike
Mcmillanbury, OH 62645",Y,hours
309,Jordan Smith MD,859-38-5253,"PSC 6854, Box 3885
APO AA 15010",N,miles
310,Nicole Mcconnell,830-08-5321,"111 Johnson Skyway
Traciebury, OR 56737",N,miles
311,Gabrielle Bonilla,505-10-2649,"03191 Brett Junctions
Nicoleside, HI 02073",Y,hours
312,Jeremy Olsen,395-95-1809,"189 Smith Overpass
Jenniferside, VI 33017",Y,miles
313,Shane Smith,634-34-1412,"3043 Nathan Gardens
Cunninghamborough, IL 13535",Y,miles
314,Joshua Richards,449-97-9083,"2677 Barker Street Suite 013
Lake Davidhaven, MP 49718",N,hours
315,Timothy Crawford,158-29-5658,"551 White Manors Apt. 168
Sharonberg, OR 16317",N,miles
316,Diana Hamilton,284-12-3217,"00376 Warren Pass
South Andrew, NY 22580",N,miles
317,Joshua Hammond,859-57-7790,"2864 Johnson Hills
Ryanton, TN 88775",N,miles
318,Lauren Sparks,619-29-4872,"0607 Lori Shoals Apt. 345
North Michaelmouth, AS 08708",Y,miles
319,Cameron Williams,403-46-4659,"897 Romero Knolls
Andersonside, PA 03185",Y,hours
320,Lindsey Smith,852-06-6248,"196 Lynch Cape Suite 246
South Evan, SC 34288",Y,miles
321,Christina Sharp,888-42-1546,"3993 Morton Union
Port Kyleborough, LA 89588",N,hours
322,Samuel Mays DDS,042-35-2754,"19187 Wendy Oval Suite 039
New Joseph, OR 95647",N,hours
323,Larry Randolph,464-34-8688,"940 Campbell Terrace
Port Elizabeth, PA 72763",N,miles
324,Michael Mack,130-84-7144,"73588 Baker Highway
North Shirleyview, MN 52765",Y,miles
325,Joseph Johnston,609-07-6041,"22003 Jessica Summit Suite 122
Kevintown, MD 20352",N,hours
326,Timothy Burgess,321-25-2597,"34100 Ramos Roads
Loganmouth, VT 74501",N,miles
327,Marcia Edwards,297-40-5718,"6628 Payne Point Apt. 980
Lake Kevinhaven, IA 84303",Y,miles
328,Micheal Peterson,035-43-4437,"PSC 6623, Box 9143
APO AP 99511",N,miles
329,Shelley Rasmussen,301-20-9557,"442 Ryan Radial
Lake Christineshire, FM 31710",Y,hours
330,Randall Nguyen,493-11-0380,"54752 Hernandez Isle
Lindseyberg, AL 02485",N,miles
331,Luke Rodriguez,385-80-4929,"0423 Freeman Brooks Apt. 901
Jasonfurt, DC 40353",Y,miles
332,Matthew Castro,849-28-4902,"6869 Horton Ridge Suite 155
Louisview, ID 75911",N,miles
333,Julia Stanley,204-45-8121,"7053 Sanders Pike
Port Andrew, DE 24982",Y,hours
334,Cristina Morgan,798-51-2651,"367 Daniel Locks
Lake Patriciaborough, ID 05749",Y,hours
335,James Rose,065-36-9307,"26433 Singleton Inlet Suite 970
Ashleyfurt, NM 50593",N,hours
336,Abigail Mora,237-26-1213,"PSC 0177, Box 8681
APO AA 91494",N,hours
337,Amy Allison,362-58-6034,"3733 Love Bridge
Port Robertberg, WY 41822",Y,miles
338,Christopher Gregory,545-87-2741,"45350 Butler Manor Apt. 899
Clarkstad, NY 32687",N,miles
339,Alexander Hawkins,329-93-6728,"Unit 9709 Box 3985
DPO AP 90778",N,miles
340,Matthew Wright,844-19-4151,"USS Gonzales
FPO AA 65882",N,hours
341,Scott Hamilton,025-25-5168,"023 Rogers Place
West Vincentside, AL 96948",N,hours
342,Michelle Padilla,028-29-2564,"801 Reed Shores
Campbellview, NM 56274",N,hours
343,Diana Wong,108-43-8133,"057 Shannon Square
Jonesport, DC 58421",Y,hours
344,Terry Nelson,767-39-3230,"4462 Bryant Motorway Suite 454
Ashleychester, LA 67207",Y,hours
345,Tonya Taylor,189-89-2783,"77757 Foster Plain
Johnside, SC 23854",N,hours
346,Erica Gonzales,166-03-5245,"0221 Lisa Street
New Lisa, PW 98032",Y,miles
347,Monica Keller,828-49-9118,"6014 Callahan Park
Mcdonaldfurt, WA 06490",Y,miles
348,Michelle Bates,420-33-7228,"5706 Carla Rue Suite 689
Port Aaronshire, TN 04333",Y,miles
349,Mary Small MD,798-46-6358,"93335 Smith Land Apt. 899
Bryanbury, CO 05096",N,hours
350,Bradley Daniels,001-79-7776,"7641 Miller Spurs Apt. 158
Jeremiahfurt, NV 39637",Y,miles
351,Melissa Downs,097-18-0240,"042 Christine Key
Davisfurt, WY 82265",Y,miles
352,Jennifer Dawson,527-95-4548,"3226 Terrell Landing Apt. 481
Lake Peggyside, SD 18915",N,hours
353,Duane Barker,266-97-5132,"4444 Sarah Hollow Apt. 548
Lake Brandonhaven, GU 53412",Y,hours
354,Aaron Gilbert,785-07-6493,"826 Sarah Tunnel Suite 509
East Richardchester, NM 70339",N,hours
355,Carol Carter,216-03-1441,"USCGC Thompson
FPO AP 94938",Y,miles
356,Glenn Benjamin,460-36-9359,"1814 Norton Trace
North Richardland, WV 41866",Y,hours
357,Timothy Ross,582-58-8788,"35925 Sabrina Groves
Thompsonfurt, ME 87981",N,hours
358,Alejandra Hawkins,011-85-6154,"4962 John Port
East Donnaside, AS 87614",N,hours
359,James Burton,270-20-8265,"743 Roy Harbors
Murraymouth, AZ 20129",Y,hours
360,William Collins,506-31-8320,"848 Samuel Wells
Lynchmouth, LA 26826",Y,miles
361,Jessica Martin,624-09-0023,"435 Johnson River Apt. 393
Lake Kathryntown, GU 15098",Y,hours
362,Tara Blair,630-35-7509,"25474 Matthew Track Suite 099
Port Ryan, MP 65652",Y,hours
363,Samantha Adams,515-57-3852,"1640 Andrea Stravenue Apt. 541
Youngfort, HI 60153",N,miles
364,Edward Patterson,734-67-6102,"6036 Brittany Crossing
Port Dustin, HI 25850",N,hours
365,Barbara Lloyd,630-53-2934,"45276 Blevins Skyway
North Tara, NC 34300",Y,hours
366,Kaylee Hayes,685-95-4730,"7488 Ward Village
Perezport, OH 56269",Y,miles
367,Michael Williams,560-24-0029,"435 Jessica Bridge Suite 386
North Arthurmouth, IN 22650",Y,miles
368,Stephen Richards,458-98-0546,"48421 Dustin Spurs Suite 118
Debbiehaven, WV 83866",Y,miles
369,Jason Burton,508-20-1992,"11843 Dixon Summit
Jamietown, PW 31622",N,hours
370,Joseph Blair,240-85-5296,"984 Melinda Mews Suite 129
Leefort, ID 39929",Y,hours
371,Christian Lewis,235-08-2316,"19923 Perez Plain
Meghanburgh, FL 33831",N,miles
372,Louis Daniel,215-46-2255,"577 Hill Haven
Ericberg, MD 40219",N,hours
373,Mr. Anthony Peck,488-87-0869,"0765 Brian Canyon Suite 273
Joanhaven, VA 11690",N,miles
374,Lori Adkins,317-88-6859,"1328 Moyer Ferry Apt. 767
Port Rachel, IN 15125",Y,miles
375,Nicole Bailey,211-02-7416,"5934 James Dale Apt. 819
New Nancychester, SD 87072",N,hours
376,Alisha Lewis,672-18-6265,"81101 Amanda Ramp
Michaelchester, SD 05867",Y,hours
377,Sharon Kelley,490-62-2940,"7256 Walter Pines Suite 073
West Jessica, PW 95574",Y,miles
378,Jessica Morales,052-25-0828,"52090 Joshua Street Apt. 671
Dustinville, OH 12761",Y,hours
379,Lori White,643-56-6832,"486 Schneider Mall
East Brandy, AZ 53663",Y,hours
380,Kim Castro DDS,026-26-5507,"8272 Matthew Courts
South Zacharyburgh, WV 19537",N,hours
381,Scott Alexander,402-26-4355,"699 Kristen Islands
North Lindsey, FL 09724",Y,miles
382,Katie White,434-62-9616,"53838 Sanders Shoal
Hunterburgh, DC 62963",Y,hours
383,Carrie Herrera,321-81-6392,"99376 Ryan Road
Lake Sharonfort, NM 88429",N,miles
384,Zachary Estrada,572-53-1729,"844 Victor Run
Teresahaven, PR 62976",Y,miles
385,Crystal Hickman,684-31-1492,"118 Benjamin Springs Suite 172
Lake Katherine, MN 30215",Y,miles
386,John Johnson,263-26-6517,"21044 Brown Heights Apt. 200
Kellyborough, IL 03888",N,hours
387,Sarah Conner,119-28-3133,"15476 Wells Inlet Suite 643
New Chadburgh, MT 58355",Y,hours
388,Richard Nelson,610-12-9835,"3479 Stevens Keys Suite 614
Port Toddmouth, AR 39995",Y,miles
389,Meghan Carlson,196-04-8580,"688 Flowers Extensions
Hillland, NE 16791",Y,hours
390,Cassandra Weaver,754-09-5613,"03450 Matthew Extension
South Donaldberg, MH 47372",Y,hours
391,Judy Pratt,500-75-3395,"1817 Cynthia Flat
Port Ryan, AK 45849",N,miles
392,Mark Nelson,460-58-9588,"37566 Jenkins Radial
Davishaven, NM 43720",Y,miles
393,Melissa Goodwin,288-52-1599,"954 Williams Lodge Suite 884
Thorntonmouth, MN 98135",Y,hours
394,Kathryn Owens,389-36-6951,"94366 Thompson Forge
Jonesstad, PR 69736",Y,miles
395,Danielle Anderson,311-04-0796,"766 Hebert Route
South Seanborough, TN 54937",N,miles
396,Elizabeth Thomas,849-18-4899,"715 Chapman Centers Suite 790
East Desireeberg, KS 11518",N,hours
397,Norman Fleming,039-32-9763,"42371 Shelly Vista
Port Kristin, MA 13258",N,miles
398,Michael Vasquez,870-40-2767,"149 Susan Circle Apt. 719
Ramosville, VI 19692",Y,miles
399,Kathy Harris,166-07-0967,"Unit 1368 Box 4960
DPO AA 32954",N,miles
400,Andrew Weaver,087-28-7727,"Unit 5982 Box 5528
DPO AA 67746",N,hours
401,Christina Hoffman,542-61-4931,"237 Baker Mountains
South Petershire, NE 60385",Y,hours
402,Kelly Wilson PhD,492-46-3093,"408 Jose Point
Port Brandi, VI 30219",Y,miles
403,Peter Glenn,144-42-5771,"12128 Brent Green
South Elizabeth, MA 91183",Y,hours
404,Dr. Jenna Andrade,220-96-2624,"44112 Peter Dam Apt. 714
North Heathermouth, GA 54899",Y,hours
405,Sandra Fernandez,505-23-2195,"621 Mays Keys
Kyleview, NC 09557",Y,miles
406,Brian Robinson,741-46-7181,"154 Marsh Fork Apt. 928
East Travismouth, AZ 31524",Y,miles
407,Melissa Keller,229-41-5436,"4275 Tristan Union
Brittanytown, VI 38799",Y,miles
408,Heather Quinn,811-46-4767,"17908 Colin Alley
North Benjaminton, NE 41024",Y,miles
409,Daniel Sutton,700-88-5291,"69019 White Ranch Apt. 075
West Kendramouth, VA 03559",N,hours
410,Jamie King,862-38-3778,"8259 Jean Place
South Dawnmouth, NE 20371",Y,hours
411,Deborah Evans,189-24-7324,"845 Michael Lodge Apt. 690
Jarvisbury, MD 65697",Y,hours
412,Jonathan West,538-40-4569,"14570 Davis Course
Walkerville, VA 04017",Y,hours
413,Cody Pierce,465-25-7766,"342 Williams Ways Apt. 405
North Willie, TN 05319",Y,hours
414,Katherine Davila,177-18-0955,"327 Washington Forges Apt. 686
Christopherside, SD 23936",N,hours
415,Michelle Ali,406-83-0584,"77934 Hall Causeway
North Tina, CA 57452",N,miles
416,Jamie Mann,646-78-2894,"Unit 8639 Box 2992
DPO AE 96593",Y,hours
417,David Ramirez,898-42-6621,"Unit 1546 Box 7281
DPO AA 80462",Y,hours
418,Austin Alexander,857-61-0451,"60206 Roger Rest Suite 055
Tamaraland, AZ 59364",N,miles
419,Scott Henderson,898-03-6421,"Unit 7249 Box 7291
DPO AP 57926",Y,miles
420,Catherine Fry,777-38-9976,"USS Vargas
FPO AE 48592",Y,miles
421,Garrett Ho MD,016-12-0480,"3987 Ronald Wells
Lake Jessicaburgh, FM 88149",N,hours
422,Christopher Lee,112-88-9590,"663 David Isle Apt. 601
Garzatown, ID 98849",N,miles
423,Renee James,847-18-4681,"063 Robert Gardens
Gregoryshire, FL 38975",N,hours
424,Christopher Hall,639-60-3238,"74830 Bruce Shores Suite 134
West Kathychester, NE 46179",N,hours
425,Amanda Ray,032-56-5544,"52466 Victoria Street
East Katie, GU 90263",Y,hours
426,Ann Castillo,236-60-9176,"82912 Scott Summit Suite 992
West Anthony, MD 11671",Y,hours
427,Amy Irwin,780-88-9716,"0942 Sherman Shoal
Pamelafurt, WI 39481",Y,hours
428,Charles Garcia,182-55-0563,"39386 Wise Terrace
Port Davidbury, MT 27157",N,hours
429,Mark Munoz,445-22-9626,"45076 Chelsea River Suite 760
West Traci, SD 15206",Y,miles
430,Michelle Davidson,499-57-0687,"9267 Luke Street Suite 126
Meghantown, UT 54183",Y,miles
431,Michelle Mack,096-04-4459,"Unit 3356 Box 6510
DPO AP 92700",N,miles
432,Andrea Scott,095-14-2066,"67865 Burnett Plaza
Traceychester, AS 50854",Y,miles
433,Mr. Paul West III,358-63-7907,"50187 Cynthia Passage Apt. 904
South Elizabeth, ND 34649",Y,miles
434,Jeremy Richard,452-10-3139,"8895 James Lock Apt. 495
Fryeville, DE 68446",Y,hours
435,Joseph Thomas,214-39-1983,"82546 Amber Parks Suite 201
South Allenmouth, FL 20337",Y,hours
436,Bobby King,751-39-5355,"USCGC Hernandez
FPO AP 19208",Y,hours
437,Monique Wright,733-49-5305,"12887 Ann Drives
New Timbury, NJ 17607",Y,hours
438,Jenny Hill,795-89-5282,"737 Michelle Drive
Roberttown, AZ 56955",N,hours
439,Julie Stewart,613-06-6621,"3943 Stephanie Drive
Joshuaberg, MH 69696",Y,hours
440,John Johnson,884-61-1173,"PSC 0298, Box 9714
APO AE 52585",Y,miles
441,Erik Jones,055-66-0061,"942 Smith Estate
Saraland, VI 07930",N,hours
442,Alan Stewart,657-79-9566,"015 Waters Motorway Apt. 088
North Williamtown, VT 04126",N,hours
443,Marissa Bishop,045-87-9585,"4059 Lawrence Hill
Michaelview, MA 48144",Y,miles
444,Fernando Miller,327-23-2225,"USS Whitehead
FPO AE 83729",N,hours
445,Karina English,218-33-3049,"931 Johnson Vista Suite 713
Nolanview, KS 06206",N,hours
446,David Newman,595-95-3557,"60382 Stephanie Isle
Robinsonton, MN 36759",Y,miles
447,Natalie Carter DDS,228-41-9926,"1981 Hale Shores
Lake Annbury, NJ 61780",N,miles
448,Taylor Compton,255-03-6410,"8627 Warren Pike Apt. 708
Lake Troy, KY 09955",N,miles
449,Joseph Ellison,073-74-1069,"720 Angela Port Suite 701
New Kristie, TN 83502",Y,miles
450,Sandra Mcknight,043-22-7632,"195 Boyd Court Suite 951
Monicahaven, AS 90572",N,miles
451,Derrick Williams,163-53-6938,"56124 Anderson Gateway Suite 931
North Dorothy, VA 12741",N,miles
452,Stacy Moore,090-44-4112,"73367 Duncan Parks Apt. 830
South Amanda, AS 55451",N,miles
453,Raymond Moss,675-18-2790,"7505 Paul Keys Suite 424
Gonzalezview, NY 05851",N,miles
454,Kathryn Evans,354-60-9460,"13208 Bonnie Fork Apt. 030
West Tabitha, LA 11935",N,miles
455,Christopher Davis,292-51-5381,"091 Brian View Suite 129
Jacobston, PW 09563",N,hours
456,Kevin Perez,667-26-2116,"6842 Lauren Corners Suite 636
Timothybury, MO 37005",Y,hours
457,Sara Rocha,617-98-3745,"8507 Mckinney Crossroad Suite 786
Marshallborough, DE 71137",N,miles
458,Lori Patterson,155-36-8916,"44757 Renee Light
Port Alexmouth, LA 66808",Y,miles
459,Heather Vaughn,525-28-5226,"PSC 8739, Box 6353
APO AP 71592",N,miles
460,Alan Velez,429-52-0230,"PSC 6458, Box 1324
APO AP 39415",Y,miles
461,Randy Gutierrez,203-30-4745,"Unit 2982 Box 9162
DPO AA 80578",N,miles
462,Betty Hobbs,346-01-7117,"0904 Wilson Ramp
Lake Anthonybury, MH 93082",Y,miles
463,Sara Pacheco,004-69-5127,"0866 Shelby Grove
Ronaldstad, MD 50993",N,hours
464,Rachel Flores,616-97-3638,"0042 Samantha Summit
West Marcusside, DE 50978",Y,hours
465,Anne Moyer,467-93-5112,"9952 Alicia Street
Courtneyfort, ME 39211",N,hours
466,Faith Dennis,548-90-2750,"687 Stevenson Pines Suite 983
Piercefort, VA 43036",N,hours
467,Samantha Hobbs,036-63-5312,"901 Saunders Wall Suite 688
Laratown, WY 86162",Y,miles
468,Seth Perry,638-34-4711,"86405 Sara Ferry
Port Kimberly, OR 05592",Y,hours
469,Matthew Serrano,410-40-0674,"43574 Love Springs
South Vickiberg, LA 06640",N,hours
470,Tina Washington,543-87-5174,"936 Cheryl Isle Apt. 612
Lake Cathy, FL 51505",N,miles
471,Lauren Bryant,521-36-6706,"USNV Guzman
FPO AA 77991",N,miles
472,Marissa Rich,755-82-8330,"PSC 1592, Box 9403
APO AA 46468",Y,hours
473,Erica Martinez,509-34-3789,"70898 Johnson Rapid
Thomaschester, PA 70632",Y,hours
474,Christina Johnson,654-63-2945,"1226 Kaitlyn Locks
Bakerburgh, NY 38666",N,hours
475,Nancy Douglas,526-43-8076,"655 Hickman Burgs
North Patricia, LA 92182",Y,miles
476,Kimberly Henderson,717-71-1320,"74071 Patrick Bridge
Lake Timothy, NC 06413",N,miles
477,Jessica Brown,721-65-4458,"389 Donald Unions
Ashleymouth, ID 71210",N,miles
478,Michelle Jones,361-80-4970,"169 Williams Crest Apt. 231
Freemanview, IA 45779",Y,miles
479,Derek Brown,891-01-5509,"10691 Holt Garden
Yolandaland, NC 49653",N,hours
480,Eric Vargas,009-19-7652,"33728 Fernandez Summit
Grantport, AZ 34822",Y,miles
481,Grace Montgomery,089-17-1427,"55481 Spencer Pike
Christopherberg, CT 69494",N,miles
482,Joel Hill,661-83-3362,"1810 Lambert Corners
Port Kimberlyshire, CA 22964",N,hours
483,Nicholas Freeman,656-27-9423,"70521 Kelsey Parkways Apt. 486
West Elizabethmouth, VI 82883",N,miles
484,Dana Williams,143-64-2721,"82932 Rowe Motorway Suite 757
Stevenburgh, KY 03311",Y,hours
485,Lisa Cobb,750-45-4827,"875 Karen Trace Apt. 369
Hurleyville, ID 28911",N,hours
486,Paul Patton,708-16-1235,"USNV Lopez
FPO AA 83426",Y,miles
487,Matthew Smith,300-11-9979,"4735 James Ports Apt. 949
North Michellebury, NE 15125",N,hours
488,Karen Graham,081-08-3719,"3952 Stephen Cliff Apt. 349
Martineztown, CA 00692",Y,hours
489,Dennis Hart,419-36-8657,"991 Andrew Island Apt. 957
Robertschester, HI 51593",Y,miles
490,Anthony Sanders MD,893-62-2621,"165 Danielle Cliff Apt. 479
Odonnelltown, TX 60075",Y,hours
491,Angela Reed,175-11-7509,"728 Maria Springs Apt. 675
Gileschester, UT 22766",Y,miles
492,Melissa Whitehead,532-02-0363,"36002 Ruben Vista
North Elizabethborough, OR 03583",Y,hours
493,Gina Webb,140-53-0265,"97056 Harris Forks Suite 574
Lake Wendy, WY 22600",N,miles
494,Melanie Fisher,533-66-9750,"6524 Davis Union Suite 464
Pottsfurt, WV 08507",Y,miles
495,Karen Roach,094-86-6269,"77715 Patterson Row Apt. 340
Karenchester, DC 27570",Y,hours
496,Eric Bond,748-34-3485,"9832 Ebony Oval Apt. 339
Bradyberg, IN 26828",Y,miles
497,Sophia Lee,719-81-6481,"074 Tim Greens
Lindatown, ID 55832",N,hours
498,Brandy Nguyen,188-18-6114,"35076 Julia Trail Apt. 185
Monicaside, GU 46405",Y,miles
499,Brian Noble,850-95-4918,"459 Jose Plains Apt. 597
East Heather, LA 42636",N,miles
500,Carol Donaldson,811-91-5573,"639 Victoria Port
Blairburgh, PW 65365",N,miles
501,Juan Moreno,432-83-9927,"65949 Taylor Lodge Suite 965
West Abigail, SC 89811",N,hours
502,Kenneth Berry,491-21-1093,"56935 Page Lake Apt. 396
South Aprilhaven, RI 77287",N,hours
503,James Riley,819-90-8660,"49911 Kathleen Bridge Suite 499
West Francis, AR 98889",Y,hours
504,Brian Rodriguez,616-78-6590,"738 Edwards Fords
West Samanthamouth, VT 70657",N,hours
505,Cameron Hall,213-94-4160,"30501 Schmidt Curve
Brandonville, NJ 03654",N,hours
506,Sheri Brock,198-31-7685,"549 Tricia Circles
Gonzalezborough, MH 23944",Y,miles
507,Mary Hayes,758-70-7898,"3327 Ortega Drives Apt. 753
Lake Tiffany, PA 19966",Y,miles
508,Robert Diaz,378-06-0450,"256 Lindsay Crest Apt. 114
Scottshire, NM 99683",N,miles
509,Catherine Anderson,509-60-2715,"6009 Dana Corners Apt. 646
Lake Chadburgh, IN 46901",N,hours
510,Jennifer Chapman,819-84-7410,"2714 Javier Pass Apt. 395
Lake Garrettborough, NM 68342",Y,miles
511,Samantha Smith,493-32-2847,"49632 Paul Rest Suite 304
Noahview, SD 36307",Y,hours
512,Richard Nguyen,465-66-3580,"4696 Garner Forks
Port Thomas, AR 29982",N,hours
513,Thomas Horn,249-94-4651,"0035 Caleb Fork Suite 914
Jeremybury, MT 60890",N,hours
514,Heather Williams,843-56-9183,"PSC 3512, Box 9764
APO AP 06896",Y,hours
515,Laura White,159-36-8539,"491 Margaret Glen
South Heather, ND 19473",Y,hours
516,Katherine Charles,441-68-6620,"98865 Jesus Gateway
New Gregory, IA 04631",N,hours
517,Donna Gallegos,851-66-9709,"4019 Daniel Point Apt. 364
New Jillianfort, NM 81010",N,hours
518,Ashley Wolf,494-38-4317,"057 Morrow Burgs Apt. 039
West Alexis, GA 95300",N,hours
519,Glen Cummings,172-93-7466,"5256 Grant Streets
Lisachester, WA 36478",Y,miles
520,Nicholas Barry,115-40-2730,"659 Harris Run Suite 553
Lake Brettside, GA 64582",N,hours
521,Nicole Spencer,569-39-6105,"USS Rogers
FPO AP 58811",N,miles
522,William Brady,585-05-4151,"399 Goodman View Apt. 642
Hollandside, MI 12081",Y,hours
523,Lindsey Parker,235-55-3251,"PSC 0849, Box 8106
APO AE 62859",Y,hours
524,Marcus Thomas,636-53-7068,"206 Robin Ways Apt. 601
Aimeeton, SD 28607",N,miles
525,Sean Hamilton,807-50-8408,"152 Hernandez Inlet
Port Jenniferchester, OR 85841",N,miles
526,Todd Berry,302-34-6578,"61584 Krause Crossing
Wolfeburgh, MT 02481",Y,miles
527,Eric Chavez,681-08-7447,"9749 Michael Turnpike Suite 548
Julieville, WI 83919",Y,hours
528,Kristen Blair,387-32-7956,"6167 Bishop Track
Ronaldmouth, OH 56339",Y,miles
529,Nichole Owens,620-13-3928,"7419 Cruz Throughway Suite 274
Port Adamburgh, CO 55609",Y,miles
530,Sarah Wilkins,087-03-4577,"76985 Jennifer Ferry Apt. 125
Lisamouth, MO 30838",N,hours
531,Kristi Scott,613-59-1289,"03331 Dixon Road
North Jessica, OH 69251",Y,hours
532,Christine Gardner,261-01-4742,"3598 Valentine Centers Apt. 302
Port Johnport, IL 02459",Y,hours
533,Brandi Sharp,447-54-6838,"6608 David Square
East Brianna, GU 29542",N,miles
534,Ryan Ryan,309-72-7966,"PSC 1912, Box 3928
APO AE 04470",Y,hours
535,Ashley Miller,720-07-8315,"890 Rebecca Turnpike Apt. 714
Allenfurt, NJ 60134",Y,miles
536,Randy Mathis,392-99-9944,"1352 Patterson Junctions
Deborahside, NJ 50242",Y,miles
537,April Hicks,099-38-8157,"59288 Mary Route
North Mitchell, SD 62926",Y,hours
538,Nicholas Horne,013-77-4840,"8321 Mueller Islands
New Katietown, ME 27254",N,hours
539,Kristina Willis,575-42-5705,"27096 Glover Landing Suite 913
Perezview, GU 46850",N,hours
540,Lawrence Johnson,295-90-8953,"PSC 5447, Box 7394
APO AA 76679",N,hours
541,Robert Mullins,371-54-6818,"22062 Whitaker Islands Suite 725
West Richardfurt, AZ 68315",N,miles
542,Denise Nunez,823-06-0354,"9168 Jennifer Union Suite 586
North Christinaberg, ID 85653",N,hours
543,Craig Shaw,249-39-7160,"407 Figueroa Crossroad Suite 538
North Shannontown, NV 74668",Y,hours
544,Jennifer Wolf,738-60-2848,"991 Gentry Fords
South Paula, MT 71829",Y,miles
545,Edward Jordan,667-63-2594,"7916 Berry Courts
Kimfort, SC 31915",N,miles
546,Daniel Contreras,595-94-6112,"0773 Amy Village Apt. 836
Duncantown, WY 41584",N,hours
547,Amy Hernandez,844-89-1684,"1008 Robert Village
Michaeltown, VA 12723",Y,hours
548,Steven Turner,730-16-0156,"96719 Lewis Key
Debraton, NC 63943",N,hours
549,Andrew Colon,327-86-0139,"936 Ronald Highway Apt. 397
Martinezton, WI 01716",N,miles
550,Gabrielle Benitez,124-35-5696,"5149 Barnes Plains
Port Josephborough, WV 54552",N,hours
551,Adam Snow,238-59-4317,"5524 Hunter Crescent
West Regina, ND 86313",N,miles
552,Crystal Randall,071-47-2959,"688 Graves Summit
Levyfort, AR 76230",N,hours
553,Kimberly Soto,245-53-9807,"0648 Fowler Valley
South Aprilshire, OR 93531",Y,hours
554,Nancy Griffin,516-62-1605,"458 Davis Path Suite 727
Williamville, VA 27400",N,miles
555,Rebecca Smith,199-16-3996,"0912 Gibson Cape Suite 489
Christyville, NC 78118",N,miles
556,Kevin Johnson,108-67-5461,"569 Dawn Crest Suite 955
Jenniferbury, PA 38519",Y,miles
557,Mariah Long,022-80-1903,"9324 Powell Cove
East Amandastad, KS 39888",N,miles
558,Jaime Faulkner,493-27-9664,"775 Jessica Cove
Ochoaport, OR 79797",N,hours
559,Mr. Michael Christian MD,068-68-2112,"9065 Villegas Brook Apt. 029
Thomasbury, LA 03624",Y,hours
560,Justin Brown,898-30-2161,"165 April Fort
Anthonyfort, DE 22373",Y,miles
561,Melissa Goodwin,893-77-4838,"56267 Kristin Skyway
North Kellyburgh, AK 41666",N,hours
562,Leroy Padilla,223-47-2777,"Unit 5024 Box 8497
DPO AA 16634",N,miles
563,Rachel Riley,690-27-2475,"PSC 0703, Box 1938
APO AE 34890",Y,miles
564,Robert Grimes,800-11-9089,"379 Vaughan Plain
West Anna, DC 46202",Y,miles
565,Brian Moore,116-02-4297,"USCGC Davis
FPO AP 34205",N,hours
566,Christopher Cooper,448-71-0090,"3268 Michael Throughway Apt. 768
Townsendchester, IL 43617",Y,miles
567,Samantha Castillo,307-50-8677,"2899 George Union Suite 755
East Bryantown, ME 51618",N,miles
568,Amanda Walker,610-78-6162,"9166 Jodi Manor Suite 138
East Jackiebury, AK 53767",N,hours
569,Chad Long,227-25-3755,"287 Daugherty Rue Suite 102
New Lisa, IA 29180",Y,hours
570,Jordan Howard,468-14-9368,"8226 Salazar Ferry
Reginaldborough, WV 96004",Y,hours
571,Todd Spence,223-50-4008,"1971 Sims Brooks
Lake Timothytown, NH 15419",N,miles
572,Emily Jacobs,720-05-4437,"PSC 1404, Box 3242
APO AE 37413",N,miles
573,Steven Hunter,556-67-3130,"76036 Ross Causeway Suite 583
Chandlermouth, IN 64775",Y,miles
574,Kelsey White,609-82-5541,"4433 Gabriela Stravenue Apt. 125
Lisaberg, MO 02694",Y,miles
575,Edwin Knox,787-40-0406,"9139 Tucker Canyon Apt. 440
Saramouth, PW 85005",Y,miles
576,Melissa Contreras,438-64-1833,"71348 Luis Lodge Apt. 343
West Rodney, VT 12733",Y,miles
577,Rose Perez,881-96-0249,"03444 Ford Drive Apt. 374
East Jessicamouth, FM 02289",Y,miles
578,Austin Wright,192-18-3692,"89579 Todd Island
Khanville, AS 41895",N,hours
579,Roberto Nguyen,728-08-8805,"75949 Joshua Parkways Apt. 436
Amandastad, GA 87603",Y,hours
580,Drew Johnston,855-73-3057,"42170 Grimes Terrace Apt. 965
Brandiberg, CT 53399",N,miles
581,Paul Pruitt,623-67-0077,"826 Martinez Isle Apt. 768
Port Heatherville, NY 63226",N,miles
582,Stephen Thomas,471-91-8109,"7290 Jeremy Roads
New Mariahburgh, ND 34557",N,miles
583,Steven Mitchell,493-04-3214,"88665 Snyder Park
Derekside, NY 81657",N,miles
584,Francis Brewer,548-01-4515,"4917 Raymond Manor Suite 379
South Jonathanfort, CT 55821",N,hours
585,Sandra Simon,861-44-4520,"484 Brett Walk Suite 767
Popehaven, MO 06600",N,hours
586,Felicia Lyons,864-65-5940,"4594 Donald Circle
Lake Kentchester, KS 23017",N,miles
587,Dr. Lindsay Raymond,672-07-0906,"701 Faith Field
East Joseton, HI 65452",Y,miles
588,Lisa Boone,764-37-5683,"965 Cooper Rest Suite 173
Michaelfurt, WA 44904",Y,miles
589,Keith Lopez,181-53-4646,"Unit 2835 Box 2983
DPO AA 05514",N,miles
590,Sheila Bowers,031-41-4745,"11048 Jessica Road Suite 237
Smithburgh, AS 31962",Y,miles
591,Anthony Johnson,366-04-7194,"165 Javier Villages
West Ashleyton, MH 42226",Y,miles
592,Diana Powell,328-13-6704,"26092 Kirsten Harbor Apt. 222
Port Carol, OR 34044",Y,hours
593,Alexander Sellers,052-73-3526,"472 Michael Square
Lake Christine, NE 27073",Y,miles
594,Michael Jordan,338-37-0016,"9144 Shepherd Islands
Lake Rebecca, WA 22076",Y,hours
595,Kelsey Gill,527-01-5158,"072 Jones Highway
Allenville, FM 42882",N,hours
596,Morgan Chapman,847-93-1667,"41484 Patrick Village Apt. 946
Nashmouth, IN 88570",Y,miles
597,Natasha Scott,495-41-7220,"1763 Pamela Ranch
Lake Amanda, AK 16524",N,hours
598,Eric Wilkinson,394-99-9022,"621 Robinson Harbors
Salazarbury, MI 49748",N,miles
599,John Garcia,539-06-0718,"578 Debra Falls Apt. 602
New Caitlin, MA 88100",Y,hours
600,David Stout,061-92-6507,"2223 Bennett Plains
South William, DC 16948",N,hours
601,Stephen Schmidt,860-82-9861,"55817 Alison Walks Suite 967
Port Stephanie, IL 94038",N,miles
602,Timothy Watkins,168-41-3021,"560 Suzanne Islands
Hillmouth, TN 91239",N,miles
603,Kelsey Long,803-41-2095,"87525 Erica Lake Suite 682
Patrickhaven, NJ 10853",Y,miles
604,Jorge Brown,295-20-2819,"1378 Mccoy Ville Suite 929
Anthonyberg, NY 09551",Y,miles
605,Taylor Hurst,715-10-8186,"349 Moore Stravenue
Lake Mark, IN 76661",N,miles
606,Deborah Elliott,662-01-4722,"9786 Patrick Station Apt. 282
Lake Alexa, DE 54822",Y,hours
607,Victoria Houston,520-57-8265,"038 Morrow Isle Apt. 419
Lake Nathan, GU 33078",Y,hours
608,Diana Jones,719-20-8868,"0593 Richard Squares
Wheelertown, TN 65250",N,hours
609,Rebecca Campbell,344-32-8702,"570 Cole Grove
Reedmouth, WY 61047",Y,miles
610,Mr. Ryan Landry,364-83-1138,"273 Melissa Highway Suite 177
Patriciaview, NY 54450",N,hours
611,Mary Aguirre,102-19-3206,"PSC 9285, Box 7103
APO AP 91845",Y,hours
612,Mitchell Munoz,889-68-2763,"7937 Susan Ville
Taylorburgh, MH 91142",N,hours
613,Kyle Ross,427-12-7603,"0329 Jessica Islands Apt. 071
Sheilastad, AK 93122",N,miles
614,Zachary Jones,573-88-4112,"006 Edward Canyon Suite 553
Port Paulashire, PW 92363",Y,hours
615,Shawn Ortega,312-37-8921,"13776 Rhonda Fort
Costachester, UT 98481",N,miles
616,Jose Robinson,590-05-2026,"9055 Wallace Street Apt. 077
Scottborough, NM 90215",Y,hours
617,Jasmine Daniel,638-46-3445,"682 Forbes Stream
Elizabethland, VT 32582",N,miles
618,John Williams,469-52-8719,"60351 Renee Lodge
North Megan, TX 43088",Y,hours
619,Adam Washington,639-12-3615,"1556 Perez Drives Apt. 387
Reyesstad, SD 60264",Y,hours
620,Catherine Randolph,506-74-9858,"2984 Barrera Point
Lake Feliciamouth, NE 87667",N,hours
621,George Cunningham,460-76-0644,"6138 Coleman Vista Apt. 365
North Sherryborough, NC 47455",Y,miles
622,Brittney Vargas,353-27-6839,"15565 Kelly Alley Apt. 999
Rosefurt, KS 63419",Y,hours
623,Madison Rivera,899-67-0549,"592 Frank Knolls Suite 292
Aaronfurt, ME 04238",Y,miles
624,Cheryl Johnson,290-96-4901,"190 John Parkways Apt. 579
New Georgemouth, IL 66372",N,miles
625,David Chavez,179-70-9087,"2835 Hull Skyway
Lake Ricardo, NC 68356",Y,miles
626,Kimberly Smith,267-18-9464,"5060 Meyer Pass Apt. 490
Burkeville, CT 45966",N,miles
627,Susan Everett,318-74-4110,"19982 Molly Station Suite 110
Tonyaborough, WI 75807",N,hours
628,James Hicks,616-16-9893,"565 Howard Vista
Sabrinafort, PR 91020",N,miles
629,Brittany Lee,527-98-5849,"832 Jensen Court Apt. 676
South Michael, NJ 40224",N,hours
630,Gregory Patrick,117-88-0897,"USNV Hall
FPO AA 90256",N,hours
631,Paula Armstrong,240-94-2350,"072 Allen Point Suite 662
Kristyville, NY 34661",N,hours
632,Daniel Cain,740-29-7852,"8079 Gardner Mountain Suite 006
Port Joshuastad, DE 30028",Y,miles
633,Jessica Phillips,238-79-6105,"73132 Cohen Extension
Dunnbury, NJ 95434",N,hours
634,Connie Johnson,258-97-5888,"54977 Jamie Mews
Stephenville, NM 88064",Y,miles
635,Natasha Fry,495-59-3282,"PSC 9111, Box 2931
APO AA 51348",Y,miles
636,Courtney Smith,808-64-0653,"PSC 9403, Box 7858
APO AP 15336",N,miles
637,Jocelyn Chambers,379-28-9699,"143 Bennett Ville
Hansonmouth, PA 07508",N,hours
638,Derek Henderson,238-28-3500,"05523 Kathleen Forest Suite 793
West Tammybury, MD 41991",Y,hours
639,Brett Buck,440-69-9334,"680 Fisher Mount Apt. 818
East Jessicaport, AZ 97681",N,miles
640,Peter Riley,582-89-4182,"2435 Megan River
Lake Johnnymouth, FM 67248",N,miles
641,Jonathan Rodriguez,498-80-7705,"02548 Davis Islands
Jonathanport, MA 63462",Y,hours
642,Casey Romero,849-08-7970,"0159 Brown Courts Apt. 693
Baileystad, NV 47983",Y,hours
643,Jessica Villanueva,090-35-1670,"804 Smith Run Suite 180
Port Keith, SD 00831",Y,miles
644,Shawn Watson,221-29-1219,"3895 Kevin Wells Apt. 294
Elizabethfort, MI 44632",Y,hours
645,Stacy Lewis,516-86-8249,"01097 Tina Brooks Apt. 784
Robbinstown, WY 45336",Y,hours
646,Sharon Watson,469-34-9584,"87442 Sanchez Wells
Mitchellfort, CO 12839",Y,hours
647,Kelsey Garza,578-11-9638,"PSC 5596, Box 1191
APO AE 96405",Y,hours
648,Charles Davis,763-56-0030,"6244 Jane Fords Suite 210
Guzmanbury, PA 27980",Y,miles
649,Chad Pearson,800-39-9754,"Unit 8271 Box 8740
DPO AE 81421",N,miles
650,Paul Yates,678-95-9863,"02672 Brooke Ranch
Ericaville, KS 17436",Y,miles
651,Daniel Pace,608-88-0495,"52360 Yu Walk
East Ryanton, NV 42341",Y,miles
652,Samantha Kerr,385-17-4250,"587 Jessica Cove Apt. 610
South Barbaraport, MI 81321",N,miles
653,Kelly Dennis,731-41-2961,"26716 Dennis Street Suite 667
East Christinaburgh, MT 43514",N,hours
654,Robert Mcdaniel,008-31-3573,"9890 Ramsey Inlet Suite 468
West Gina, SD 58631",Y,miles
655,Gloria Rocha,493-55-1652,"135 Cameron Dale
Michelleview, MP 75208",N,miles
656,Mr. Michael Solis Jr.,495-64-6108,"Unit 6138 Box 8372
DPO AP 28912",Y,miles
657,Vanessa Cameron,860-28-2545,"9785 David Courts
Port Brian, IA 23430",N,hours
658,Kathleen Johnson,619-23-7954,"USNV Rodriguez
FPO AE 37666",N,hours
659,Samantha Gallegos,021-83-8913,"4240 Roberts Row
Hawkinsborough, MD 31864",Y,hours
660,Christopher Brown,751-25-9496,"566 Patel Skyway
South Chris, CT 28198",N,hours
661,Robert Davis,632-50-3916,"3957 Smith Mission Apt. 931
North Andrew, VT 76579",Y,miles
662,Debbie Morales DDS,775-71-9922,"09487 Michaela Meadows
East Troymouth, PA 15744",N,hours
663,James Michael,624-39-4435,"742 Brown Plains Apt. 172
North Randy, ND 06832",N,miles
664,Scott Lopez,619-51-0456,"53519 Browning Lodge
Bryantberg, MH 90880",N,miles
665,Joe Contreras,399-29-8713,"619 Deborah Grove
West Meganport, DC 97409",N,miles
666,Michael Collins,005-44-5714,"PSC 5181, Box 7730
APO AE 70186",Y,hours
667,Sue Tran,721-32-7203,"0657 Cunningham Mission
Johnsonstad, ND 94345",N,hours
668,Elizabeth King,697-47-0819,"0049 Rodriguez Shores
South Amanda, OR 26845",N,miles
669,Jacqueline Webster,143-49-6189,"19872 Hannah Estates
New Kim, OK 85277",Y,hours
670,William Herrera,138-71-6548,"1682 Caldwell Estate Suite 520
Port Rodney, MS 96094",Y,miles
671,Stacey Powers,784-34-2880,"766 Kim Centers
East Lisaton, DE 19325",N,hours
672,Andrew Hartman,388-08-9013,"32530 Brooke Tunnel Apt. 081
Port Brendanhaven, NE 10846",N,hours
673,Robert Watts,549-80-5233,"89747 Johnson Vista
Bradfordport, IL 36046",N,hours
674,Chelsea Tran,523-02-6387,"04530 Daniels Wall
Jamesborough, VT 95382",Y,hours
675,Gregory Jones,454-50-8594,"3548 Tammy Dam Apt. 712
North Justinland, ID 44931",N,miles
676,Timothy Johnson,170-13-1849,"5222 Gary Inlet Suite 054
Christianbury, PW 18708",Y,miles
677,Eric Smith,047-42-4800,"008 Ross Flat Suite 875
Padillahaven, ND 17009",N,miles
678,Carol Weaver,282-59-3268,"23541 Parker Street
Catherineville, NY 29039",Y,hours
679,Ricardo Blanchard,434-99-1689,"67874 Gibbs Ridges Apt. 225
South Melissashire, AL 87889",Y,hours
680,Bruce Dennis,591-53-4839,"218 Smith Course
Fuentesborough, WA 55980",Y,hours
681,Jose Terry,593-01-9467,"0189 Holland Meadow
Jamesshire, NY 50324",Y,hours
682,James Gonzalez,127-86-8304,"61806 Rodriguez Club
North Paul, MI 26560",Y,hours
683,Katie Ramirez,393-81-0216,"43986 Miller Glen Apt. 438
West Jessicaside, HI 72410",Y,miles
684,Sheila Fleming,663-58-5882,"53363 Heather Lane Apt. 244
West Matthew, CT 53764",N,miles
685,Brittany Chung,089-04-2945,"11443 Morgan Springs Suite 899
Clarkberg, NC 29396",N,hours
686,Toni Marshall,822-81-3295,"0593 Mcdaniel Island Suite 565
Wallacefurt, NV 51306",Y,miles
687,Lawrence Wheeler,203-28-9265,"35065 Nicholas Ridges Suite 555
Wendyberg, AS 25730",Y,miles
688,William Mcmillan,410-38-8289,"USNS Osborne
FPO AE 03681",N,hours
689,Alicia Nichols,757-22-1956,"56501 Brown Prairie
Brittanychester, WY 56043",Y,miles
690,Alexander Santiago,759-78-9702,"56705 Daniel Harbors
New Graceland, ME 95557",Y,miles
691,Scott Rodriguez,157-40-8638,"5399 Brady Row
Port Alanfort, IA 65976",Y,miles
692,Benjamin Cardenas,745-94-8258,"056 Sheila Station Suite 210
Port Nathan, SD 59267",Y,hours
693,Lisa Navarro,276-56-5499,"253 Jo Mill Suite 757
Robertfurt, CA 96482",N,miles
694,Robert Turner,626-51-8240,"7862 Patricia Isle Suite 711
South Susanmouth, PR 95732",Y,hours
695,Rachel Boone,850-05-5134,"3550 Fisher Groves Suite 868
Jennaborough, NV 49781",Y,miles
696,Garrett Olson,725-54-0764,"946 Shaun Glens Apt. 203
West Christina, OK 55914",Y,hours
697,Allison Smith,479-72-1299,"907 Travis Landing Apt. 354
East Jonathan, UT 25238",N,miles
698,Ashlee Phillips,422-17-1423,"3040 Jennifer Point Suite 298
South Taylor, NC 41867",Y,hours
699,Victor Thomas,443-49-4271,"70216 Robert Mill
Vaughnland, OK 93875",Y,hours
700,Kimberly Robertson,769-09-7145,"Unit 5730 Box 5239
DPO AA 49795",Y,miles
701,Darrell Allen,072-40-8084,"53563 Decker Mission Apt. 456
Martinberg, ME 71791",Y,miles
702,Carolyn Lee,820-64-3939,"PSC 3965, Box 9538
APO AA 78027",Y,hours
703,Jacqueline Campbell,758-80-7408,"67009 Flores Landing Apt. 143
South Brian, MN 50478",N,miles
704,Kevin Bailey,805-08-3080,"PSC 1261, Box 0904
APO AE 78315",N,miles
705,Brandon Sullivan,681-08-9061,"387 Michelle Locks Suite 177
Lisatown, FL 74649",Y,miles
706,Kelly Johnson,216-46-5926,"1785 Smith Square Apt. 227
West Lisa, VA 41674",Y,miles
707,Daniel Boyd,387-85-8734,"7146 Cheryl Station Apt. 632
South Dawn, AZ 83611",N,miles
708,Kelly Mendoza,308-71-6239,"731 Trevino Valleys
Lake Isaacshire, ID 41987",N,miles
709,Tina Peck DDS,604-43-9737,"20467 Rich Islands Apt. 533
Bettyfort, NM 95044",Y,miles
710,Karina Lopez,193-90-7725,"36171 Joseph Junction
Nelsonton, IA 76756",Y,hours
711,Antonio Jones,610-73-1068,"0102 Kramer Loop
West Keithhaven, KS 08053",Y,miles
712,Janet Valencia,791-99-0619,"91778 Moore Underpass
Christineshire, MS 31292",Y,miles
713,Heather Whitehead,097-42-5246,"794 Bates Inlet Suite 664
Mckeeborough, IL 23913",Y,miles
714,Benjamin Sanchez,281-04-6781,"9463 Linda Run Suite 678
East Cynthiaport, MD 51725",Y,miles
715,Miguel Costa,058-87-3904,"12599 Darrell Station Suite 652
Hallhaven, MP 45322",N,hours
716,Lisa Williams,541-08-7129,"68429 Heather Pass
Ruiztown, TN 80259",N,miles
717,Jacqueline French,513-41-5906,"USNV Smith
FPO AE 26176",Y,hours
718,Timothy Moran,813-82-5657,"231 Garcia Pass
Shortside, ME 91612",Y,hours
719,Chelsea Reid,297-35-6236,"PSC 0026, Box 8350
APO AE 11559",N,miles
720,Tonya Schmitt,627-88-7184,"97317 Henry Hill
Lake Michaelhaven, OK 51972",N,miles
721,Matthew Swanson,559-88-4674,"3540 Andrew Gateway Suite 399
Lisastad, VA 99015",N,hours
722,Adam Barnes,852-77-1676,"266 Curtis Way Suite 619
Smithview, PA 48617",Y,miles
723,Aaron Rangel,326-94-0067,"23152 Stanley Springs
Port Thomasstad, AR 94516",Y,hours
724,Carla Marsh,654-20-6994,"59559 Adam Mountain
Port Shirley, OH 35185",N,hours
725,John Gates,250-61-4759,"52737 Shepherd Bypass
Perrytown, IN 51845",Y,hours
726,Emily Lambert,024-61-6182,"47910 Damon Landing Apt. 217
Port Tyler, AS 79468",Y,hours
727,Chelsea Mann,536-57-5013,"USNS Nguyen
FPO AP 23193",N,miles
728,George Chambers,543-80-0337,"859 Good Springs
Lake Melindafort, OR 15308",Y,miles
729,Mary Newton,297-90-7523,"054 Marshall Mount
Perryport, DC 45387",N,miles
730,Susan Ford,162-20-4431,"913 Travis Greens Suite 538
East Julia, PR 61447",N,hours
731,James Acevedo,483-31-9757,"54454 Joshua Shoals
Brendaside, MA 83884",Y,miles
732,Lisa Weaver,586-95-1553,"4783 Jennifer Groves Suite 917
Erictown, IN 37474",Y,miles
733,Annette Hines,267-30-2359,"1230 Noble Motorway
Carrieland, MH 30216",N,hours
734,Daniel Black,250-05-4032,"254 Timothy Center Apt. 510
Katherineton, AL 29475",Y,hours
735,Michael Thomas,049-98-9175,"257 Ramirez Knoll
Lake Elizabeth, AZ 83377",Y,hours
736,Sally Robinson MD,785-95-7188,"Unit 6787 Box 0546
DPO AP 22587",Y,hours
737,Dale Perkins,264-18-6681,"USCGC Davis
FPO AA 66905",N,miles
738,Dustin Thomas,107-45-2359,"29364 Margaret Tunnel Suite 822
Hallport, MA 13395",Y,hours
739,Stephanie Jacobs,029-31-2120,"56062 Elizabeth Junction
Johnsonview, PR 31285",Y,miles
740,John Reed,552-42-0021,"0305 Christine Lake
West Edwardhaven, SC 12405",Y,hours
741,Mr. David Taylor Jr.,693-63-8690,"1827 Gonzalez Turnpike Suite 756
Jeanettemouth, DC 49053",Y,hours
742,Wesley Munoz,180-81-3462,"1424 Melinda Lock
Johnshire, NY 10755",N,hours
743,Stephen Martinez,314-81-4969,"14992 Price Divide
Barryshire, VT 35222",N,hours
744,Michelle Thomas,319-97-8789,"USCGC Reyes
FPO AA 60269",Y,miles
745,Hannah Villegas,688-02-2224,"166 Figueroa Shoal Apt. 955
Lake Nathanieltown, MD 63087",N,miles
746,Amy Skinner,005-97-6406,"32995 Richards Pine
Luceromouth, WA 31027",Y,hours
747,Kiara Waters,545-39-1781,"Unit 3269 Box 6864
DPO AA 64557",Y,hours
748,Steve Davis,287-01-9388,"55011 Santos Unions Suite 030
North Lindsaychester, NV 35543",Y,hours
749,Deborah Smith,894-14-4177,"524 Desiree Underpass
Williamston, UT 39897",Y,miles
750,Vincent Perkins,314-76-9254,"206 Shane Mountains
South Richard, CO 38717",Y,miles
751,Ashley Jacobs,750-18-4504,"58028 Price Meadows
North Amymouth, NJ 78015",Y,miles
752,Amanda Richardson,750-81-9132,"6699 Sarah Estates
Hendersonview, IN 47275",N,miles
753,Keith Jones,788-05-3827,"5760 Christina Avenue Suite 524
Johnsontown, AS 28419",N,miles
754,Sara Ortiz,298-69-1495,"0357 Barnes Rest Suite 738
North Courtney, FL 47927",N,miles
755,Richard Meza,017-04-4050,"8338 Parks Square
West Richard, VT 01973",N,hours
756,Laura Murray,897-87-1376,"702 Adam Camp
Matthewhaven, VA 54963",N,miles
757,Amber Anderson,380-76-8647,"27446 Suarez Locks
Port Joshuastad, FM 86428",N,miles
758,Tracy Boyd,303-64-5042,"305 Kelly Forks Suite 777
Angelaport, WY 92866",Y,miles
759,Alison Hampton,238-59-1642,"5446 Burns Port Suite 203
New Vickiemouth, FM 70470",Y,hours
760,Mary Perez,499-20-4236,"70519 Juarez Lodge
Markchester, MT 30236",Y,hours
761,William White,434-30-5875,"8633 Murphy Mountains Suite 487
Hortontown, CA 17894",Y,miles
762,Michael Clark,453-34-1148,"1558 Carter Groves
West Stevenborough, MT 09619",N,miles
763,Tiffany Harrell,612-69-0431,"2656 Chung Plain
East Travis, MO 32282",Y,hours
764,Jeremy Mendoza,033-22-9586,"Unit 7729 Box 2932
DPO AA 95612",Y,miles
765,Michael Barnett,511-45-3384,"7244 Melissa Extension Suite 244
Robinsonshire, MP 78534",N,miles
766,Lisa Franco,196-76-0430,"4366 Willis Islands Suite 986
South Christian, VT 37386",Y,hours
767,Maria Ortiz,740-55-6823,"4989 Powers Gateway Apt. 660
Maddoxfurt, AS 16953",N,hours
768,Amber Vazquez,416-53-5552,"5817 Miguel Parkway Suite 269
Clintonbury, DE 33333",N,miles
769,Benjamin Morris,428-41-7038,"9604 Hunter Squares
Lake Jerry, NH 38668",N,miles
770,Angela Kane,349-01-3567,"89470 Cowan Brook Apt. 318
Abigailfort, CT 64101",Y,miles
771,Julie Baxter,766-24-1895,"988 Johnny Pine
Donnaside, ME 93147",Y,hours
772,Brittany Phillips,107-39-3629,"1939 Jesse Mills
Lake Kenneth, MH 36693",Y,miles
773,Jason Flynn,280-25-2659,"656 Jamie Fork
Jenniferfort, MO 59933",Y,miles
774,Nicholas Fleming,229-45-3793,"PSC 1498, Box 2202
APO AP 30674",Y,miles
775,Brittney Andrade,636-03-4252,"027 Williams Divide
Lake Justin, WV 76223",N,miles
776,Nicole Brooks,054-07-2198,"082 Andrew Forges
Jonesmouth, OK 15063",N,miles
777,Susan Payne,504-29-8066,"USS Russell
FPO AE 81194",Y,miles
778,Dylan Kennedy,631-04-4839,"74164 Brown Cape Suite 262
Lunamouth, ND 51682",N,miles
779,Bridget Mccarthy,506-33-8419,"161 Ross Manor Suite 291
Maldonadoberg, MS 98798",N,miles
780,Luis Peck,442-40-8176,"14365 Anthony Rapid
West Molly, GU 82131",Y,hours
781,Paul Russell,761-78-8510,"Unit 5883 Box 4324
DPO AP 13783",Y,hours
782,Alexis Stone,025-20-0522,"8202 Anthony Pines
Paulport, MA 50361",N,hours
783,Michael Fletcher,798-11-3241,"968 James Flat Apt. 708
Lake James, ME 08251",Y,hours
784,John Matthews,882-36-5894,"08458 Hector Plains
Hubbardmouth, TN 38556",Y,hours
785,Paul Moore,094-13-8736,"1078 Jonathan Freeway Suite 323
Bridgetfort, NE 48610",Y,hours
786,Kimberly Peterson,307-36-0897,"6065 Martinez Throughway
Claudiashire, CO 47188",Y,hours
787,Timothy Knapp,378-75-2845,"06691 Eaton Pass Suite 631
New Larrytown, MH 41139",N,hours
788,Randy Dunn,356-67-8609,"49417 Atkinson Motorway
West Randyhaven, VT 53262",N,hours
789,Melody Blair,767-29-7409,"PSC 8536, Box 8001
APO AP 70054",Y,miles
790,Samuel Mccall,891-84-3780,"7638 Raven Meadows Suite 303
Lake Jonathan, AL 85704",Y,miles
791,Wanda Rodriguez,195-22-0221,"7716 Howell Brook Suite 487
West Ginatown, RI 92174",N,hours
792,Craig Thompson,351-06-5803,"1642 Hunter Isle Apt. 212
New Sharon, NE 93065",N,miles
793,Lisa Barnes,015-94-6954,"0873 Adam Square Apt. 150
Port Roberta, MD 73874",N,miles
794,Jennifer Dean,291-50-5453,"298 Rose Divide
Williamchester, CT 70393",N,hours
795,Jean Wilson,177-02-9515,"6935 Christopher Ridges Apt. 231
South Jamesmouth, NE 17975",N,hours
796,Christine Ellis,784-20-7480,"370 Stewart Locks
Sullivanmouth, VA 61933",Y,hours
797,Angela Chapman,512-44-8762,"Unit 4971 Box 0679
DPO AP 46881",Y,miles
798,Kathy Freeman,103-26-2495,"USNV Chapman
FPO AA 56212",Y,hours
799,Pamela Rogers,704-13-4082,"48210 Brett Inlet
Phillipschester, AS 53713",N,hours
800,Janet Turner,404-18-0306,"USCGC Thomas
FPO AE 75285",N,hours
801,Jeremy Macias,297-09-0952,"914 Dustin Way
West Justinside, VA 18061",Y,hours
802,Jessica Kim,864-58-2766,"84725 White Green
Jenniferport, CT 60242",Y,hours
803,Nicholas Morrison,299-58-8243,"54370 Kevin Mountain Apt. 515
West Dana, HI 82508",N,hours
804,Ryan Stark,688-83-8349,"527 Coleman Mountain Suite 111
East Lucaston, VI 03344",N,miles
805,James Livingston,863-41-9057,"209 Nelson Shoals
Port Conniestad, UT 56363",Y,miles
806,Kevin Lopez,820-05-2303,"94474 Christopher Drive
Whitemouth, AL 30641",N,hours
807,Jeffrey Bailey,463-66-1823,"2928 Howard Field Apt. 272
Evansport, VT 98115",Y,miles
808,Mr. Gregory Hughes,766-26-5216,"PSC 1222, Box 4979
APO AA 02533",N,hours
809,Daniel Payne,244-89-5785,"08093 Jonathan Pine Apt. 214
West Benjaminland, WI 44238",Y,hours
810,Kristina Montes,497-82-4338,"230 Emily Wall Suite 046
Kelleymouth, CT 12846",N,hours
811,Ricky Shepherd,254-67-3882,"54513 Moreno Flats
North Melaniefort, FM 45421",N,miles
812,Mary Wilson,345-67-9633,"4102 Mccarty Flat Apt. 601
Jessicashire, SC 22944",Y,miles
813,Katie Scott,832-67-5676,"42047 Fisher Manor Suite 939
Gouldtown, NY 14790",N,hours
814,Brenda Wise,326-72-6898,"9901 Juan Shores
Sonyashire, AS 41829",N,hours
815,Craig Walters,264-82-5901,"6097 Kemp Road
Vernonburgh, NH 17866",Y,hours
816,Cindy Soto,881-62-4919,"36597 Brown Heights
New Juan, FL 24364",N,miles
817,Ryan Smith,246-10-0265,"07028 Timothy Isle
Port Rhondastad, MT 82625",Y,miles
818,Terry Clark,270-03-3530,"97925 Rhonda Mission Apt. 129
Farleyfurt, IL 01260",N,miles
819,Alexander Lamb,704-43-2018,"PSC 0967, Box 8970
APO AA 56424",Y,hours
820,Anthony Johnson,849-93-6542,"749 Krystal Rapid
Abigailhaven, PR 26319",Y,miles
821,Paul Fry,647-41-4372,"5267 Salazar Club Suite 492
Marshallville, FL 39759",Y,miles
822,Deborah Cook,478-85-7688,"670 Harrell Squares Suite 085
Robertton, NY 05717",Y,miles
823,Daniel Foster,131-87-6777,"5062 Stewart Overpass Apt. 545
New Dianechester, ID 96608",Y,hours
824,Maria Tran,019-69-0941,"06238 Ryan Summit
Elizabethburgh, IL 30037",N,hours
825,Jacob Brown,479-53-6126,"80042 Willis Terrace Apt. 709
Stevenville, TN 78375",N,miles
826,Ivan Simpson,464-98-1834,"114 Jenkins Prairie Apt. 402
Andreaville, OH 28053",N,miles
827,Christine Moore,018-30-3025,"66632 Cervantes Extension
Port Marybury, MT 03534",Y,hours
828,Sarah House,037-01-9075,"2037 Jesse Alley Suite 301
East Oscarbury, AS 10821",N,miles
829,Elizabeth Frazier,336-49-8463,"53980 Lee Crossroad Suite 918
Port Ethanside, NH 34405",Y,miles
830,Kathryn Carlson,244-26-2200,"490 Katie Drive Suite 740
East John, UT 26254",Y,hours
831,Julie Rivera,401-06-1888,"36934 Dana Hills Suite 644
Sheltonfurt, WV 56346",Y,hours
832,Nathan Ramirez,868-01-8864,"USS Espinoza
FPO AP 68679",N,miles
833,Ryan Meyer,659-97-7011,"452 Michael Isle Apt. 259
Lake Jeffrey, ID 40824",Y,hours
834,Nicholas Jones,331-55-8834,"3205 Baker Mountains
Stephanieland, HI 84637",N,miles
835,Jessica Pennington,501-26-9220,"719 Galvan Forges
Barnesstad, GA 43601",Y,hours
836,Kyle Crawford Jr.,265-04-0250,"363 Amanda Points
Morganbury, WI 83859",N,hours
837,Neil Porter,472-21-2744,"2253 Foster Forges Suite 738
Millerview, IN 35913",N,miles
838,Jesse Schultz,315-59-1523,"0738 King Bypass
Matthewville, AZ 55657",Y,miles
839,Donna Montes,075-74-9145,"6196 Williams Burg Apt. 659
North Carlosbury, HI 33866",Y,miles
840,Karen Evans DDS,015-83-4705,"2169 Fleming Expressway Apt. 194
West Mistytown, UT 77230",Y,hours
841,Isaac Wood,430-17-8910,"005 Grimes Fords
Michaelview, SD 74507",N,miles
842,Rhonda Reyes,111-44-7471,"611 Shelley Extension Apt. 370
Lovemouth, AR 65557",N,hours
843,Tara Barr,110-79-8207,"USNS Hughes
FPO AE 04814",N,miles
844,Anna Mitchell,482-87-9778,"830 Gibson Turnpike Suite 175
South Michelleton, FL 28489",Y,hours
845,Kyle Molina,128-51-7339,"7283 Brooke Causeway
Marybury, ME 76352",N,miles
846,Sean Santiago,082-41-2049,"83282 Kim Neck
Port Jenniferberg, AZ 94393",N,miles
847,Stanley Walsh,361-96-9187,"579 Joel Row
Nelsonbury, AS 55632",N,hours
848,Mark Schmidt,563-31-8550,"PSC 3548, Box 9141
APO AA 11972",N,miles
849,Matthew Jackson,797-13-9216,"93399 Susan Valleys
Scottland, PW 09440",N,hours
850,Larry Mercado,830-11-7050,"1031 Carter Land
Phillipshaven, PR 73131",N,hours
851,Emily Walker,661-17-1904,"284 Stanley Divide Suite 590
South Wandaton, FM 20722",Y,miles
852,Dennis Lopez,811-99-0640,"9500 Trujillo Camp Apt. 574
Mcclureside, IL 11713",Y,miles
853,Lisa Brandt,521-14-5447,"841 Robin Heights
South Ricardo, WA 27974",Y,hours
854,Jacqueline Valdez,136-05-2612,"31599 Shepherd Village Apt. 070
Mooreton, KY 71046",N,miles
855,Jennifer Prince,887-72-7355,"3636 Murray Causeway Apt. 261
Calderonside, MH 83000",N,miles
856,Connie Hawkins,618-67-3949,"843 Anderson Estate Apt. 304
Tranview, MN 03176",N,miles
857,Benjamin Davidson,493-40-4219,"0245 Keith Fork
Port Williamstad, PR 95312",N,miles
858,Alexander Rodriguez,848-89-7260,"01865 Randall Square Apt. 587
New Jamesview, WY 62745",Y,hours
859,Tamara Norman,249-43-2268,"38013 Bradley Manors Apt. 693
North Monica, OH 66412",Y,hours
860,Mark Huerta,689-81-9297,"249 Brittany Walks Apt. 972
North Davidfurt, WY 74315",Y,miles
861,Kelli Johnson,036-35-0555,"8598 Blanchard Way Apt. 724
Elijahchester, GA 65418",Y,miles
862,Robert Warren,669-09-3708,"8218 Jackson Branch
Bushfurt, AK 07699",Y,miles
863,Richard Richardson,859-73-2191,"788 Ball Ports
East Richard, LA 96824",N,miles
864,Amy Charles,492-79-5312,"603 Sandra Ways Suite 622
Jasonton, PW 96638",Y,hours
865,Michael Richardson,845-05-4600,"65901 Martinez Port
New Rebeccaview, MS 68595",Y,hours
866,Chelsea Hart,214-93-8185,"5789 Bailey Spurs Apt. 107
Salasshire, DC 05871",N,miles
867,David English,330-16-4398,"120 Henry Manors Apt. 708
North Raymondfurt, AK 41850",N,miles
868,Lauren Smith,401-20-0283,"3223 Robert Street
Clarkmouth, GA 25080",N,hours
869,Andrea Powell,427-17-2525,"9133 Ali Lane Apt. 319
Melissaside, CO 67864",N,hours
870,Megan Martinez,257-10-8895,"736 Summers Squares Suite 247
North Michaelberg, IL 57002",N,miles
871,Melanie Smith,733-53-2247,"Unit 5814 Box 7461
DPO AA 49600",N,hours
872,Louis Silva,871-51-4163,"720 Hall Fords
Raymondhaven, MT 09139",Y,hours
873,Scott Sampson,040-36-2201,"617 Nicholas Street Suite 240
Lake Stanleyfurt, LA 28191",N,miles
874,John Hamilton,085-52-9939,"66747 Michael Road Apt. 844
South Rachelview, MD 48064",N,hours
875,Gerald Jenkins,037-15-1501,"Unit 1214 Box 9780
DPO AA 61623",Y,hours
876,Jennifer Chandler,780-11-6846,"79385 Jeffrey Common
New Alexander, KS 44338",N,hours
877,Kyle Beck,136-97-1798,"810 Rollins Views Suite 912
Ashleystad, TX 95368",Y,hours
878,David Nelson,812-16-0487,"00594 Shawn Extensions
Kelleymouth, NY 69760",N,miles
879,Anthony Bryant,053-76-5055,"784 Casey Station Apt. 752
Pittsmouth, NY 80341",N,hours
880,Alexander Newton,531-85-1660,"388 Michael Neck Apt. 779
New Rachelbury, ND 08832",Y,hours
881,Emily Thompson,118-03-4434,"25547 Cheryl Road Suite 543
Nicoleborough, PA 33494",Y,miles
882,Virginia Christensen,732-22-5883,"38503 Stephen Light Apt. 362
Lake Codyport, MH 29509",Y,miles
883,Francisco Summers,425-41-1182,"35848 Wolfe Lodge Suite 069
West Andrew, WY 83157",Y,hours
884,Jessica Richard,827-14-8285,"PSC 6000, Box 3663
APO AA 39311",N,miles
885,Sherry Richardson,306-39-9178,"54322 Daniel Pike Suite 926
South Crystaltown, PR 23888",N,miles
886,Ana Mcdowell,671-64-6274,"859 Walker Ville
Lake Michael, VA 08279",N,miles
887,Derrick Boyd,334-69-2198,"314 Emily Neck Suite 415
Churchburgh, ME 64443",Y,miles
888,Patrick Ballard,161-17-3242,"USNS Weber
FPO AP 23404",Y,miles
889,Frank Maldonado,591-25-4396,"34000 Lori Tunnel Suite 518
Payneport, RI 28027",N,hours
890,Matthew Blake,727-65-5058,"93420 Erika Landing
Charleshaven, RI 11483",Y,hours
891,Katherine Wright,459-06-5929,"16224 Robin Stream Suite 682
Woodfort, IL 84244",N,miles
892,Gary White,263-41-7027,"7091 Charles Rapids Suite 718
Karlafurt, PR 46400",N,miles
893,Robert Brock,104-77-0219,"6009 Connor View Suite 976
West Taylor, AZ 55951",N,hours
894,Julie Smith,899-52-4152,"529 Luke Mountains Suite 659
Hobbstown, NC 17749",N,hours
895,James Davila,538-04-1472,"USNV Rosales
FPO AE 30067",Y,miles
896,Michael Tate,757-62-4117,"1618 John Spur Suite 158
Port Michaelside, MT 50327",Y,miles
897,Emily Thompson,852-79-8579,"492 Whitney Pine
Lake Jenny, AR 86103",N,miles
898,Andrew Simpson,509-15-1800,"077 Gonzalez Villages Suite 650
New Todd, TX 86559",N,miles
899,Danny Mathis,560-55-4954,"24390 Ricky Ville
Arnoldport, TX 63490",N,hours
900,Amber Khan,195-08-8213,"236 Davis Greens Suite 552
Brittanyshire, RI 88073",N,hours
901,Jessica Stone,039-97-9969,"1132 Macdonald Row
West Aaronside, AR 99835",N,miles
902,Sarah Long,483-69-1901,"6841 Vanessa Wells Apt. 609
Christopherton, PA 99316",N,hours
903,Stephanie Mendez,003-95-5392,"287 Christy Heights Suite 131
West Christopher, KS 57440",Y,hours
904,Adam King,531-70-9168,"71965 Yesenia Locks Suite 281
Port Kelly, OH 45475",N,miles
905,Renee Wood,152-03-9018,"01751 Glenn Estates
Benjaminport, MP 19816",N,hours
906,Cynthia Harris,645-28-7982,"3219 Calvin Well Suite 381
West Richardtown, WA 93244",N,miles
907,Ashley Madden,350-67-8636,"947 Donna Falls Apt. 351
New Patricia, KS 13985",Y,hours
908,Donald Rodriguez,598-23-8017,"735 Phillips Station Suite 566
Hubershire, DE 80939",Y,hours
909,Brian Ruiz,334-93-6189,"3994 Duncan Streets Suite 934
East Karen, TN 07459",N,miles
910,Brittany Sanchez,152-05-3906,"99791 Cody Trail
Andremouth, GA 66645",Y,miles
911,Brian Chang,584-92-4447,"60040 Morales Neck
Ellisstad, ID 94725",N,hours
912,Linda Charles,878-99-4311,"225 Bennett Ridge Suite 021
West Rick, NH 56945",N,miles
913,Anna Davis,274-96-7311,"352 Joshua Mills
East Tonihaven, ND 20656",Y,miles
914,Sheri Young,319-34-5267,"344 Olson Rest
Sandrabury, PA 79509",Y,hours
915,Timothy Lam,781-70-3658,"72716 Christopher Ville
Katherineburgh, VI 04883",N,hours
916,Stephen Ponce,407-94-4587,"7507 Jamie Road Apt. 192
North Joshua, SC 80123",Y,miles
917,Jacob Grant,028-40-0173,"848 Katherine Route
Shariberg, OK 57711",Y,hours
918,Mr. Cory Gonzalez,858-48-8080,"7887 Hansen Pass Apt. 569
Marshallport, MO 91255",N,hours
919,Dr. Megan Garcia,221-03-7946,"698 Reynolds Station Suite 742
New Craigberg, ND 87368",Y,hours
920,Stephen Huber,376-08-1818,"040 Hanson Trace
Hubbardbury, AL 18404",Y,miles
921,Michelle Proctor,050-19-1380,"61608 Carroll Drive
West William, MP 68064",Y,hours
922,Tommy Thomas,143-77-0276,"Unit 9084 Box 8554
DPO AP 91953",Y,hours
923,Lauren Mccarthy,467-16-7097,"437 Robert Inlet
New Sarashire, OR 01615",Y,hours
924,Colleen Rodriguez,398-32-5633,"Unit 0140 Box 4702
DPO AA 74459",N,hours
925,Erin Peterson,635-93-5370,"USS Dominguez
FPO AP 77105",N,hours
926,Caitlin Davis,841-81-3380,"205 Mckenzie Fork
North Margaret, NM 65857",Y,miles
927,Barbara Mcdonald DDS,795-21-2885,"358 Patterson Shore Apt. 300
Shannonton, NY 69569",N,hours
928,Melissa Lewis,887-97-1145,"296 Jeffrey Creek
East Edwinmouth, NC 91577",Y,hours
929,Hunter Clark,878-56-7905,"6862 Ross Forge
Kelleyton, NE 35892",Y,miles
930,Mary Thornton,804-58-2076,"177 Bell Mills
Lake Amyport, ME 59200",Y,miles
931,Lauren Hanson,613-98-8245,"220 Brown Tunnel
South Victoriamouth, WY 46483",Y,miles
932,Nicole Palmer,488-41-1070,"3357 Gonzalez Mills
Ortegaberg, NC 10164",Y,hours
933,Lisa Miller,170-22-2271,"67993 White Manor
Port Shawn, TN 10323",N,miles
934,Michael Hutchinson,694-07-7067,"12672 Nancy Loop Apt. 076
East Randy, WY 14184",Y,hours
935,Bradley Krueger,635-40-2838,"136 Ryan Row Apt. 712
East Mauricefort, VI 54328",Y,miles
936,Jesse Santana,533-50-2260,"147 Phillip Fords Apt. 180
Smithshire, PA 09704",Y,hours
937,Mrs. Tonya Lee PhD,161-10-4210,"98332 Berger Common
Port Anthonyberg, IN 24561",N,hours
938,Robyn Parker,634-38-5863,"8850 Waller Springs
South Philip, PW 12724",N,miles
939,Megan Franco,353-29-0096,"8743 Anderson Camp
Wheelerland, NC 20249",Y,miles
940,Daisy Mcdaniel,077-60-0890,"93400 Johnson Valley Apt. 038
Ramirezport, WA 46856",Y,hours
941,Brittany Ward,617-11-2081,"47604 Barker Springs Apt. 455
Port Rachel, PA 39647",Y,miles
942,Robin Walton,646-18-1597,"PSC 0533, Box 5602
APO AE 96216",Y,miles
943,Rhonda Fuller,263-99-8711,"949 Stephen Throughway
Brittanyville, IN 37544",N,hours
944,Pamela Rodgers,265-85-4538,"496 Burke Meadows Suite 613
Kristenside, MP 11165",Y,miles
945,Dawn Hodge,362-03-9502,"16173 Patricia Hollow
Kevinbury, IL 59003",Y,miles
946,Anthony Stanton,275-08-6342,"6861 Barrett Viaduct Suite 290
East Williamhaven, KS 31431",Y,hours
947,Vanessa Pierce,802-67-0138,"816 Johnston Park Suite 032
East Debra, HI 89106",N,hours
948,Michael Miller,205-55-9159,"5743 Bradford Pass
Stanleyburgh, MH 40930",N,hours
949,Tyler King,226-88-5233,"9339 Robert Causeway Suite 589
Port Erinborough, ND 60347",N,hours
950,Susan Holder,879-84-7316,"811 Potter Isle
Floreschester, UT 67863",Y,hours
951,Jennifer Cannon,225-81-0443,"PSC 6023, Box 2428
APO AA 54812",N,hours
952,Bonnie Simmons,022-20-4416,"91879 Hall Walks Suite 182
Davidborough, WY 70742",Y,hours
953,Shannon Gibbs,088-50-2433,"USNS Hernandez
FPO AE 15361",Y,miles
954,Christopher Gray,797-64-5491,"USNV Moore
FPO AP 23463",N,miles
955,Mary Reynolds,771-45-5946,"404 Parker Glen
New Lauren, OH 86197",N,miles
956,Donna Mcmahon,785-70-9658,"93781 Robin Wells
South Jessica, VT 45523",Y,hours
957,Margaret Powell,166-60-4576,"4805 Fitzpatrick Pines
Morrisonton, AK 66764",N,miles
958,William Frazier,020-23-0118,"76953 Hayley Extension Apt. 613
East Claire, AZ 52635",Y,hours
959,Tanya Howard,489-38-6201,"0768 Alyssa Unions
West Malikberg, OR 98736",Y,miles
960,Dr. Jesse Wilson MD,868-18-3724,"Unit 0695 Box 6761
DPO AP 08817",Y,hours
961,Andrea Mahoney,477-22-7631,"914 Scott Stream
Ashleybury, WA 15054",N,miles
962,Albert Hughes,839-33-5323,"911 Martinez Radial
Hallberg, IN 66954",N,hours
963,Geoffrey Johnson,852-08-3747,"0190 Ryan Union Suite 741
New Stefanie, CA 68825",N,miles
964,Tina Hall,140-57-0515,"632 Veronica Mountain
Boydbury, NE 72863",N,hours
965,Marilyn Sanchez,538-55-0380,"1857 Wendy Ford Suite 729
Stevenhaven, MO 06938",N,miles
966,Michael Soto,217-88-8344,"351 Sean Meadow Suite 629
Lake Robert, KS 63699",Y,hours
967,Suzanne Gibson,857-41-8380,"600 Dawn Stream
New Christophermouth, CO 48487",Y,hours
968,Jeffrey House,482-89-5004,"0251 Stewart Wall
Port William, LA 37505",N,hours
969,Natalie Hall,705-53-2053,"91943 Acosta Drive Apt. 446
Morabury, OK 69159",N,miles
970,Michael Henson,110-50-2029,"083 Ball Mews
Bullockfort, VA 58333",N,hours
971,Makayla Bauer,081-94-5187,"58989 White Corner Suite 769
Mikeshire, OR 64087",Y,hours
972,Kimberly Thomas,597-81-8422,"873 Travis Alley
North John, VA 63693",Y,hours
973,Chris Thomas,021-86-1526,"76073 Angela Brook Suite 516
Elizabethberg, NJ 42855",N,hours
974,Chad Knight,014-47-9628,"113 Gregory Glen Apt. 276
Shirleyborough, GU 74896",Y,miles
975,Kelli Holder,450-79-8140,"60400 Sheila Burgs
Port Derek, CT 63383",Y,hours
976,Craig Moreno,299-38-1043,"Unit 4672 Box 8567
DPO AP 13495",Y,miles
977,Patrick Hall,421-48-9257,"USCGC Woods
FPO AE 84936",N,miles
978,Elizabeth Oliver,603-75-2554,"PSC 5923, Box 8407
APO AE 90890",Y,miles
979,Benjamin Rowland,570-28-8149,"791 Christopher Circles
West Lisa, GA 95880",N,miles
980,Erica Schwartz,650-93-1272,"056 Carr Port Apt. 097
Harryport, MI 85445",Y,hours
981,Jason Miller,462-28-6025,"350 Jon Park Suite 490
Kimberlyton, ID 84089",Y,hours
982,Nathan Martin,720-65-0632,"901 Darryl Valley
East Kristineborough, NC 29989",N,hours
983,Marcus Scott,352-27-2565,"03597 Webb Forges Suite 164
Garciaville, AS 39084",N,hours
984,Mrs. Samantha Clayton,765-51-4564,"461 Tommy Pine
Lopezland, MI 61425",N,miles
985,Robert Herrera,730-51-3307,"2803 Justin Mill Apt. 090
South Thomas, VA 26154",N,miles
986,Austin Mueller,555-75-7705,"USS Thomas
FPO AP 24492",Y,hours
987,Allen Lane,080-52-6909,"7061 Johnson Circle Suite 066
East Keithtown, NY 50817",Y,hours
988,Mark Brown,287-26-7843,"6666 Zachary Flat Suite 407
Port Angelachester, FL 76402",N,hours
989,Deanna Williams,403-17-8979,"872 Toni Loaf Apt. 551
Marshalltown, FM 80904",N,miles
990,Melvin Campos,647-86-1189,"5795 Jacob Turnpike Apt. 104
Jeffreyview, AL 84427",N,hours
991,Deanna Fuller,746-99-8027,"241 Lawrence Squares Apt. 499
North Scott, MS 70490",Y,miles
992,Mrs. Alexis King,296-46-0256,"06282 Jesse Village Apt. 463
Cassandrafurt, FM 70186",Y,hours
993,Victor Mckinney,731-70-3375,"Unit 0650 Box 1737
DPO AE 15127",Y,hours
994,George Orozco,890-79-0437,"0640 Oliver Hills
Lambertshire, NH 65422",N,miles
995,Justin Hart,171-33-7912,"36897 Ortiz Turnpike
South Rachelchester, OR 06634",N,miles
996,James Jones,532-87-6167,"6918 Joyce Plains Suite 620
North Loriport, WI 64138",N,miles
997,Jack Larson,156-86-3111,"49545 Colleen Shoals
West Melissa, PW 14239",Y,miles
998,Stephanie Taylor,736-58-0238,"6594 Morris Drive
Jessicaborough, ND 83593",N,hours
999,Christine Pham,550-65-4017,"443 Frazier Common
Vazquezborough, AK 08772",Y,miles
1000,Andrea Thompson,470-89-9650,"23577 Wallace Highway Suite 763
New Stephaniestad, IA 03991",Y,miles
1001,Gilbert Mendoza,692-16-5687,"176 Christian Rest Suite 749
Lake Kristenstad, SD 91499",Y,miles
1002,Nathaniel Martinez,803-98-6337,"420 Tamara Mountains
Frederickmouth, VI 93416",Y,miles
1003,Lee Ellis,333-05-4878,"6476 Gibson Well
East Jackiefurt, IA 57180",Y,hours
1004,Cole Dunlap,165-51-9348,"804 Ward Parkway
Robertsburgh, WI 14295",N,hours
1005,Devin Sexton,870-64-5765,"57147 Norris Loaf
North Kayla, TN 62830",N,miles
1006,Nicole Dunn,337-26-9214,"23668 Larry Groves Suite 287
Santiagoville, CT 25007",Y,miles
1007,Robin Johnson,821-89-3748,"5899 Perez Courts
Theresaton, NM 59978",N,miles
1008,Rebecca Harrell,534-95-3328,"769 Cole Place Apt. 113
Patriciatown, NY 19135",Y,miles
1009,David Clark,471-62-0792,"8080 Crane Harbor Apt. 761
Grantland, MS 95726",N,miles
